Protein_ID,Gene_Name,Infected_1002,Infected_1015,Infected_1004,Infected_1017,Infected_1031,Infected_1014,Infected_1042,Infected_1044,Clean_2205,Clean_2057,Clean_2078,Clean_2062,Clean_2086,Clean_2065,Clean_2044,Clean_2048,Clean_2033,Clean_2041,Clean_2060,Clean_2029,Clean_1054,Clean_2038,Clean_2072,Clean_2064,Clean_2025,Clean_2063
P02768-1,ALB,330070000,190680000,177060000,1026200000,585170000,449250000,272300000,373400000,906390000,186540000,518810000,287010000,9.09E+08,440920000,742270000,597340000,987100000,647950000,629910000,338690000,442420000,788830000,798970000,589100000,892310000,758180000
P07477,PRSS1,1400600,1112200,3036700,754910,567300,422860,2541700,2192200,522860,4151800,376570,4503100,284830,1470400,324800,546680,244940,909520,1734500,1146400,3442100,321430,986370,742870,180040,652360
P35908v2,KRT2,3351100,13982,21081,0,9871500,525380,23689,59405,0,35878,102570,378770,1047900,5748800,11677000,26843,34371,79271,4941100,0,48866,12611000,5191000,7348300,24976,4602500
O00468,AGRN,398130,2412.4,0,228440,170740,96418,19619,13033,555.12,57831,1715700,2243,0,357340,1106600,2102900,514550,610420,134460,169500,317530,1529600,6425.8,792060,189340,113230
O00533,CHL1,4715700,449650,67182,284310,1058900,1224600,56979,383130,119610,7279800,20156000,38752,47273,1394400,5475400,10835000,0,3672800,451420,585960,1627500,10181000,143860,2736100,879500,823290
O00584,RNASET2,163170,38633,9362.8,44361,97445,374990,62093,44279,142090,0,234010,35690,43991,99163,146390,168020,42277,180450,37866,0,43235,142330,35880,115040,77508,105340
O15240,VGF,5447100,343010,1035100,3536900,1923400,130150,210800,211260,0,23209,1301800,335820,20851,4310900,1053200,4667800,16073,3613200,389800,2556200,6380500,1463800,281020,4310700,319860,905690
O43166,SIPA1L1,5106800,4154500,3239900,3769600,3137000,3111700,3056100,4512100,395840,0,2101000,2685000,1654100,6436700,2827500,5210200,545140,5572200,4554900,3951000,2785900,3068100,4850700,4176000,600490,5275600
O43505,B4GAT1,529200,77022,53996,261850,265890,0,146650,88166,0,29011,680370,91547,57806,392340,560430,877790,0,578910,181390,115120,711390,562250,132890,491500,45759,815320
O75326,SEMA7A,124140,28726,413170,51266,36727,94927,508.73,14419,0,34101,1073800,0,10189,103850,201550,5614400,79306,112480,0,2746800,8435.2,217030,3805,42410,191520,37051
O94985,CLSTN1,3503700,125610,148890,705110,1238100,681220,93264,174500,91920,17030,12446000,196490,297000,1173700,2446400,6247600,27236,2790400,378250,952570,1325300,5343000,201990,1670300,1170000,648370
P00441,SOD1,1634300,694080,654660,3679200,1782700,3571500,566400,252660,3367000,339600,2973500,589080,697260,1977800,2907100,3474700,1001600,947600,633740,2178400,3050800,3250200,1415200,1383900,3233100,1476000
P00450,CP,4000700,2464800,691600,4170200,3874400,9968900,2005500,2871300,3801000,1150400,888730,1885000,11207000,5958500,4275300,2281900,3020100,10650000,5786500,1824300,1528100,1491900,4334400,4558200,1685300,4121900
P00734,F2,838030,472950,131960,1714200,846340,1325500,375630,196770,963640,307930,405330,249340,2818000,790550,619290,856480,1732500,462620,1067400,306980,618100,438240,1578100,929250,513630,1174400
P00736,C1R,436400,33949,37335,729680,403310,496930,75847,193140,94723,250100,286370,51394,298550,272410,658620,715680,192160,1626900,277260,190420,483240,615380,561020,736660,160140,521300
P00738,HP,1503700,2618900,1999800,30882000,689830,1476700,2205700,582860,5200900,455450,754790,1142200,18108000,4324300,156660,891540,65450000,3175100,2904700,6225200,1774100,304640,4532400,714810,537440,7446800
P00747,PLG,514580,276930,2650.7,2333600,1002400,727950,48612,166060,911170,60425,247570,132000,2630500,1250200,227370,623260,1296800,776210,1570000,207430,284680,373430,1448400,753330,295990,2052000
P00748,F12,103300,75584,4371.8,236560,43678,67588,13406,44060,343050,0,85198,7063.5,545170,46261,608170,142940,493850,41409,139120,203640,125770,121890,219650,159080,227570,213820
P00751,CFB,1187700,688040,650410,7478700,3141800,1989700,1296400,1306800,2463400,837680,959370,1197700,5438600,3241800,2696300,2670400,5519600,3504300,2794200,1156900,1742500,2261000,3012500,3158000,2889200,3543600
P01008,SERPINC1,323960,496620,307520,3794100,1530200,1215400,693990,590610,2573800,563780,340180,609220,2291900,940530,556900,422880,3673100,638120,2617500,542590,605930,366810,3018600,1152800,831590,1625100
P01011,SERPINA3,274280,269380,148470,747700,263680,1437700,362840,372270,978810,416010,71711,187950,1739800,349120,645890,259100,387310,983400,599210,238320,140380,122250,464790,641340,632480,607900
P01019,AGT,5165600,734430,1564500,1417100,4058300,2754500,1104800,2258000,1438400,772900,5339400,1723800,3213700,3555000,5063000,4099600,479190,5192400,2821400,1833800,2646600,3969400,1361700,4176700,3970900,4492800
P01031,C5,59122,126700,15162,103080,62663,131090,0,17163,87596,0,21171,199740,225110,8100.4,6959,10563,192270,83841,20873,0,71496,35563,96840,19281,112630,102530
P01033,TIMP1,81398,71850,21028,45399,120020,505790,42076,800.25,289400,42922,1953.8,10276,150060,73410,115890,119520,60401,2408.3,335840,106610,55598,2046.5,174930,436100,286230,164380
P01034,CST3,41663000,4140300,2431000,26375000,26044000,18165000,3113300,3014800,4877700,2111500,32286000,4880800,2424200,25931000,20864000,51723000,1554000,30778000,10480000,8156700,18744000,26018000,3842900,37968000,20451000,14643000
P01042,KNG1,1110300,358460,185890,3326300,2376200,3895900,276430,564270,4348500,476110,2125400,361640,5023900,1121500,2805100,1779500,5492100,886450,2080300,605670,935270,1600800,1977700,2295100,3662200,1828400
P01210,PENK,2158500,454370,684680,261610,2468700,0,326490,0,0,32863,901410,277980,15248,3975200,183800,5068500,27626,1714100,114380,441370,1160000,1510200,32341,5012300,226900,124550
P01834,IGKC,3043900,2878400,495030,14713000,8854500,40615000,1800600,5680100,39735000,3959600,10124000,36072000,40121000,9388800,8708500,7453900,45520000,10865000,5665800,2952200,1722300,11385000,8580200,6228400,13796000,14909000
P01857,IGHG1,10006000,6918600,2519000,16520000,5924600,128800000,6255100,13728000,35632000,5216000,17289000,3872900,84408000,9661900,2086800,18241000,29422000,25658000,5644100,8348600,2692700,16540000,9946900,4804400,4160800,28403000
P01859,IGHG2,672730,1072100,97330,511820,590260,2427700,626710,8279500,3547400,266930,1406400,614210,3491200,652320,589030,1890400,7612400,572750,145120,128200,575580,762600,1903600,563190,292330,7562700
P01860,IGHG3,1404800,1204700,374600,6266200,2454100,17939000,1482200,1899400,7915100,644410,5497200,602720,12289000,2168900,329580,2944000,10071000,1615500,804430,1459500,684920,4882400,3180200,948210,901700,6172200
P01861,IGHG4,863.86,117780,14967,1648.1,28539,3655.8,40896,522020,4473300,325720,1056500,191570,1728700,568920,372.52,114380,2056800,76496,2216.8,0,77238,1174600,100870,990.98,52909,2577100
P01871,IGHM,528460,1216700,91683,1961800,990100,3123300,118410,196940,2215000,67496,304160,40876,747620,27729,51851,81388,24430000,232130,199770,519600,11441,112500,939830,471640,1196400,468600
P01876,IGHA1,347770,2199300,175730,1670600,68875,94373,1830900,2654800,1967400,1387800,957.33,1113700,1458200,31630,0,0,5490600,132840,1161600,250150,2563400,0,3847800,25811,4038.1,2892300
P02042,HBD,729190,4575900,0,0,742220,3941100,20908,25759,251680,7920.7,3513.6,0,121500,84009,3464.3,13069,0,61088,95890,4579100,18353,0,2141500,181490,4092.2,7756
P02452,COL1A1,543460,201960,125900,683190,1476500,635370,1379400,2141300,85414,495620,303000,8274.7,175600,1181700,1298100,1210500,719910,4266800,535520,307490,325400,2638300,5814100,1967200,3599900,268670
P02549,SPTA1,25720,11035,0,5420.3,77776,360600,589.63,0,88908,1045.6,71578,0,3682.8,49528,8458.7,6219.4,85773,62834,1521.4,0,2671.3,11538,7207.1,1090,48847,17013
P02647,APOA1,9014700,6090200,2157100,42971000,41126000,23271000,7784100,7108700,24990000,2707000,10775000,2773100,40317000,19039000,21095000,11948000,32324000,16718000,24344000,18139000,6861400,14145000,33875000,22767000,31193000,33615000
P02649,APOE,10426000,593500,986220,10754000,9087500,4423800,1160400,1404500,996920,261590,10839000,495090,749120,4527200,12439000,25634000,1535900,16559000,2286800,2689300,11203000,8648400,1592600,10665000,2619800,10186000
P02652,APOA2,1145400,551190,508700,6186900,6467400,1382500,1365000,324070,2439200,328120,632580,391080,6046700,2319300,1967600,836870,6134500,472930,5107500,216420,1045400,1611700,6161100,2046300,3756400,2823700
P02671,FGA,36590,526740,146730,3920200,2856800,1965500,261430,51973,4282200,102760,987870,0,2558800,74792,1732800,648230,6140000,9594.5,199510,3316.2,39655,897440,216300,1443700,5450200,433050
P02675,FGB,212700,97789,0,1635900,728720,904200,61722,39363,918790,0,46829,7193.3,1671200,130160,2560100,227430,1891500,71565,3369.9,18936,32385,277410,47727,145650,548060,127070
P02679,FGG,28302,172940,136110,778260,1648700,827700,490360,341290,517870,89025,216640,438820,770520,19715,1427500,424020,1336600,42337,285320,62424,0,327140,302100,1052500,605750,371580
P02748,C9,78840,102740,0,1071700,304650,808550,20446,24521,1387500,243060,143790,95056,1407800,140690,127280,69321,2653900,45566,454480,0,296960,241.06,422300,260310,440360,1269400
P02749,APOH,62068,417280,85113,890430,319870,485500,364780,949870,382620,640930,89692,623300,492390,793010,411610,585340,624080,1459400,819550,227100,431980,271290,1535800,474450,411670,1248700
P02751,FN1,576940,149080,136230,1109600,484180,3343400,393480,1105800,743320,385860,1075900,150340,329920,510640,1478100,1726600,1534700,1438900,2258400,259780,1672100,1893900,3112300,1328900,1938000,1498800
P02753,RBP4,100990,113410,31894,115820,124010,152830,53982,130140,85224,1463100,116090,111510,0,116550,93584,163830,57946,51489,194680,0,165180,202250,320600,176410,138560,147630
P02760,AMBP,0,9533,0,241390,179420,1431.5,26016,132510,125550,25292,63428,1086.2,120870,171130,55320,128170,177560,190560,181050,50156,13445,81603,158000,55013,278970,365710
P02763,ORM1,2344900,6447600,1135200,6454600,6046900,6165600,14511000,9384800,10974000,6035700,1329800,2729600,23286000,7629600,5773000,4649600,10885000,9027200,10599000,4928800,3005400,1849800,11810000,11257000,12268000,18800000
P02766,TTR,12928000,20741000,6191900,8046000,9973400,57750000,13228000,60184000,19050000,25882000,4318600,15459000,18702000,45848000,10544000,7811700,2669300,129300000,9641600,11805000,6942700,6230400,15834000,13109000,4308000,11640000
P02774,GC,4666300,2086600,1233200,15189000,8753100,6753600,3230000,4046300,17958000,2006500,7472700,2566200,13560000,6381200,6295700,8189900,19238000,8263400,12506000,4257500,5418400,12714000,12159000,9841100,21339000,9111600
P02787,TF,55004000,18662000,26249000,152510000,51093000,49757000,35518000,36871000,79552000,26846000,80916000,41496000,94967000,118540000,44025000,61494000,105350000,88853000,70051000,46587000,100080000,55465000,79220000,57481000,41721000,111520000
P02790,HPX,12101000,15205000,6897400,41186000,16266000,9350500,22330000,9636300,6120400,12389000,2133800,17613000,32147000,21355000,2114600,10111000,33486000,18165000,27133000,18635000,12172000,1602000,47824000,10523000,2999800,39705000
P03952,KLKB1,0,0,0,329140,97360,46989,0,0,210500,0,14705,954.66,222870,76447,49486,35689,46450,18913,80234,0,14955,28535,53527,51891,361330,69378
P04004,VTN,133050,118170,0,6337,7729.9,167940,95585,149530,264650,37970,273010,5544.1,441460,171840,71971,170290,1718.9,51007,229020,1732.4,96725,245510,316070,220030,32153,286900
P04040,CAT,89684,94725,18554,86953,354200,741770,0,32260,74727,0,55816,0,12354,10854,78577,142530,129450,4946,17190,129270,0,197870,126050,78944,76685,100310
P04075,ALDOA,258320,783020,14279,597510,369080,2647300,158550,12921,489910,0,407060,0,452080,652480,652360,679150,391450,57324,128720,156720,175510,209890,444610,280690,170410,215860
P04196,HRG,16006,6891.4,0,157450,73298,368310,0,171830,4861.2,2530.9,2347.7,11084,283920,128740,26684,8664.6,108610,153550,152740,4030,48887,11366,95906,82446,0,236040
P04217,A1BG,144100,169420,21471,1039900,587880,2785200,450040,1490100,1735100,169530,64226,149400,1838000,677090,126530,91111,642870,1734900,476260,15309,130120,3949.2,428330,181620,1320600,690600
P04264,KRT1,30038,56395,17097,0,18767,20246,82470,78419,94453,30260,21328,32019,40320,379440,426.43,0,6565.1,107530,15261,49665,56021,17242,48025,13195,20940,67651
P04406,GAPDH,401270,1745800,42820,132450,635890,228780,1649.7,3577.6,218230,78900,248680,1159300,261050,345560,335230,407070,760380,0,74122,0,192520,264780,156310,150560,69173,102040
P05060,CHGB,8762900,733080,2269300,11477000,8630300,2227100,479290,818070,535420,108110,15861000,784090,411610,9822100,6291200,25807000,175790,8979400,2469800,2576600,12218000,10218000,1408800,13534000,4331500,8492500
P05067,APP,6157600,378210,445490,1837900,1548500,764980,108350,114550,103490,167460,18173000,676860,541860,2764500,2710300,13512000,17603,1344900,690780,711450,2584100,9890200,912380,2109600,2485400,1666000
P05109,S100A8,533.06,332480,177710,176340,21864,1298500,6000.4,15754,34099,77339,68351,31177,0,4403.5,22701,54743,613550,377000,37860,620250,0,72839,6827.1,99276,19212,0
P05155,SERPING1,265160,281450,331860,1192200,862340,969840,190660,403890,842970,253620,524510,308560,288750,203000,860380,804700,1443600,620970,594140,250860,348530,1028300,1047200,726640,1691600,679370
P05156,CFI,369270,110470,11854,638340,448980,799290,70110,117660,801130,61414,632230,76132,811250,269400,985680,478150,1243400,487350,507950,110300,217780,463540,536860,839730,848900,610850
P05408,SCG5,3891600,379620,533180,2569900,1636800,384190,290680,132340,65362,398340,5034600,632320,280110,1900100,2190900,6193000,197620,1088900,470120,692860,3053700,4094500,423190,2944100,1379300,952750
P05452,CLEC3B,505820,114690,139210,299290,87949,174250,290300,209090,184420,43153,136020,75854,55692,473110,441140,707380,391960,2374300,253750,237450,270570,436890,164910,382700,1131800,497640
P05543,SERPINA7,83066,58347,8014.6,29373,53734,433490,70109,4277.3,35624,36411,9362.4,62242,429420,255240,278520,69195,280500,26543,290960,136740,79117,29558,198640,239360,198580,260290
P05546,SERPIND1,139120,104750,0,744520,670620,570630,40119,84389,97958,47074,813360,30143,729320,203480,367630,552750,1044900,175410,222940,0,149650,603210,210400,310600,273190,242120
P06396,GSN,2367800,304150,103700,1396800,543110,1567000,263950,1109600,356060,449860,433560,313600,1405000,1272200,532360,930280,607000,2516100,606570,1180300,3501200,605210,1704800,1530600,424710,4823400
P06681,C2,110020,99882,0,336490,324200,317850,4656.4,93462,27965,0,130410,8194.8,287950,81938,588950,191820,256920,386180,232840,44943,54327,225270,150050,237440,38994,161920
P06727,APOA4,2364600,192740,401870,5052200,15869000,5874600,115960,155290,8654600,765980,2299700,1045100,5141800,3761000,6904200,3018000,2784000,1174400,3165600,620450,1297300,843160,2214900,6395900,28186000,5958000
P06733,ENO1,430970,961070,29038,311370,125860,1592600,54024,410910,162570,0,240590,307370,107240,86350,32668,163780,72047,25389,200590,87447,4115.1,31543,228150,180700,97563,133010
P07195,LDHB,113440,151810,10700,38586,106700,346710,28592,114560,192060,3849.9,195600,40702,294750,311630,392130,175560,13794,292480,255570,11472,92371,665700,48208,86829,353240,462540
P07225,PROS1,43420,73786,0,44723,63286,505590,0,55709,113510,23837,152160,34807,174450,160240,57147,94045,102200,151720,57345,3598.7,83859,130000,25069,95044,86111,87342
P07357,C8A,52592,3050.7,0,717320,273470,286840,0,5326.7,400260,0,167970,6714.5,591310,223800,117460,121980,503600,89018,168130,32331,15773,62562,266050,320080,190530,336180
P07737,PFN1,670890,157080,38739,503480,481740,2749000,10615,64531,12314,6437.6,74605,308830,83579,542280,640930,159940,711310,141410,376410,85873,98545,631770,89418,168940,193670,1359.8
P07858,CTSB,418180,117600,79494,217280,155610,1010700,134090,70447,144270,25832,398300,43346,80082,196200,702790,609750,55980,246320,36568,85108,235080,292530,119590,524400,52878,137460
P07998,RNASE1,458310,32710,72424,258290,64550,7945.6,87216,47807,19554,64387,118370,413360,0,163420,509610,111480,5503.4,1825700,39125,263080,297810,313820,309860,179860,9435.1,608100
P08185,SERPINA6,70039,4909.5,0,102080,96087,58876,26955,134700,0,0,36395,14510,167610,109480,103710,67182,54376,814330,100830,38809,3209.8,70075,94321,67252,111210,7176.6
P08294,SOD3,399850,1032100,27722,121660,83069,711110,286370,237840,228880,109630,69988,273160,693010,1101500,97548,73603,64949,374760,119220,89775,69613,108680,316310,169850,154080,417020
P08571,CD14,467320,89264,0,984130,314690,2560400,73940,216740,873210,75147,556540,56000,154930,67091,1617000,835620,519610,420910,502510,21677,577570,839230,426550,829790,977270,581010
P08603,CFH,143350,67364,36789,391790,191850,740060,110950,422700,98445,112480,161450,30628,339880,262120,147370,130800,590800,1396600,199780,142340,389680,263970,228100,373780,153180,518790
P08697,SERPINF2,213860,65203,12095,75982,96616,130640,93131,70303,266400,12738,83105,49011,322650,182450,130300,99623,0,169410,202070,21183,41594,49615,293300,307040,28647,92478
P09486,SPARC,1965400,931200,553250,443780,1436100,406050,572490,614200,277530,244830,215820,671460,421620,2447500,292210,1063400,126890,2075200,784140,897560,676310,715600,1123900,2001700,633620,994430
P09603,CSF1,0,0,35866,142810,55162,0,0,0,0,4910,0,23455,5002.9,112050,166920,222050,107390,121000,71301,940.31,212540,177990,33832,333780,5356.8,135160
P09871,C1S,248190,0,58386,330400,143460,117350,111070,130600,86086,48035,170530,70076,149950,96846,81433,206090,178560,632700,121220,100740,524310,198390,328130,236240,403800,462220
P0C0L4,C4A,7813300,2059400,883850,5602900,9790000,6356000,2310500,3487000,2545100,1699500,3923300,1851900,2684500,7201000,11241000,7053900,7051400,40037000,2737200,2244400,2909900,3638500,3352000,8991100,3779500,7555600
P0C0L5,C4B,698600,31876,17183,79037,808370,1466900,142640,172090,70641,33076,417300,61838,373980,644540,909190,120750,33390,4100400,145920,275950,53687,212600,211000,572490,55441,477780
P0DOY3,IGLC3,195800,630560,26086,790150,113120,3836200,670490,1887800,2149600,851450,411900,102870,4740100,278090,167410,574510,3925200,1215200,199170,95403,75378,350920,1156500,102260,127470,2540400
P10451,SPP1,7448700,4023000,3979800,3194000,6245300,19093000,10923000,4425000,2008600,4778900,6479900,4616300,2117700,4967200,36695000,11387000,1799200,5858600,9824200,2151400,6495600,10753000,4564600,9653200,3825700,8182400
P10643,C7,24510000,74237,34281000,1551300,986080,1170200,27883000,30904000,567710,29325000,1548800,29194000,1612500,13913000,1054500,14325000,2287000,16344000,766660,22600000,24484000,1193600,16213000,17044000,927160,2185200
P10645,CHGA,8361900,436340,1476900,8091800,4475400,3046000,256120,942410,508150,186540,13756000,361220,328260,7394600,3701300,16120000,116000,10054000,1373200,3091300,16663000,4812700,1820800,9925800,3915800,4109300
P10909,CLU,13299000,1426300,1196400,5757600,6458600,5174700,13279000,2106500,2973500,2776000,11437000,1979500,4533300,3399500,59936000,74461000,3164600,14248000,42083000,548430,11612000,24890000,34326000,25930000,10036000,7619900
P11021,HSPA5,109030,44037,0,6406.3,0,171320,0,7651.8,1935.3,0,123770,0,29712,143170,60474,204470,72302,133520,26970,22363,22539,74638,18466,159980,10921,90520
P11142,HSPA8,198070,517120,0,10930,986340,1383600,7311.5,2720.8,96974,0,62530,10571,86597,354020,706470,733620,5062.6,12179,180430,71338,0,2554.7,242090,30221,49092,0
P11277,SPTB,10524,92033,10190,25408,768260,350890,22983,0,13273,5497.2,461120,1040.9,32341,0,415290,199080,6998.3,2240.4,291520,111150,1115.6,572170,13920,38127,10998,548.23
P12109,COL6A1,1289100,18798,58036,342250,983860,1078000,105470,48909,60352,8646.1,3780600,78651,120280,649490,3622600,4429100,5388.4,1203700,298400,365100,203460,2501600,258020,2144700,970600,318880
P12259,F5,181510,528940,101080,22238,328790,184960,107950,96804,36437,121060,105440,252210,228440,114540,4259.5,502010,23867,46231,131710,7470.5,116620,99606,36193,258650,48834,188530
P13521,SCG2,5035900,185310,297290,2362900,1852000,764900,88522,210880,30633,17535,4545500,210200,240200,3099200,2132300,10401000,23633,3086600,551230,3920900,2559800,2152800,213340,5827900,377760,516990
P13591,NCAM1,905180,140780,111650,129010,206420,295370,40389,172170,374990,30315,1138400,154850,152140,613630,569150,1165800,2473.1,898970,166050,253130,565230,556480,133250,481190,273140,891760
P13671,C6,42445,42321,78352,409720,76586,10123,44581,79491,23047,88990,5710.8,67210,129830,52168,0,31102,137400,113490,134570,0,70926,27660,209370,121830,10871,215390
P13987,CD59,270920,36116,130680,399720,193870,15800,69311,16501,54299,48111,601220,74893,48859,351120,381760,432120,140620,195590,104640,44228,957030,340250,189640,690210,168500,656350
P14618,PKM,173060,255110,6991,28816,19790,1419000,37927,13290,5749.1,11727,549520,67035,66367,109740,255060,513050,257230,201660,33365,21681,94506,336740,22446,111040,95630,58589
P16035,TIMP2,388960,61052,13466,123830,196540,233560,22313,61047,176070,0,691900,25151,72733,230480,258720,562290,72766,370370,112760,0,83533,587620,114150,342660,234060,114390
P16070,CD44,140250,10121,26098,102790,49108,0,24201,14779,27474,21440,75425,44726,9036.8,77222,180750,114040,42696,61565,118700,97503,59835,95084,48777,138550,49985,121380
P16870,CPE,721000,0,0,14480,88575,70159,0,0,54668,0,174750,66215,170310,66807,108750,689750,1177.3,124760,18910,14142,307130,407150,83892,156340,17894,185060
P17677,GAP43,193600,280450,0,306620,660710,956290,261070,0,341700,0,3598200,0,196370,496220,1019500,3381200,15550,76930,191890,0,17974,811840,123480,490030,1048000,464450
P18065,IGFBP2,1627200,636910,103900,1181800,725130,574050,540990,583390,529660,156320,6398400,118110,838080,1903300,4975100,4934500,676910,1015500,527130,254600,1024200,7687600,1080200,3592600,2077400,1158300
P19022,CDH2,1017000,35223,61319,579920,618550,320370,0,0,70093,3976.8,3977300,35277,78505,643510,2782100,7101100,9569.1,460700,121490,83180,586350,3931000,62037,2267300,1213100,223130
P19652,ORM2,41152,109570,48679,374790,172270,79477,258390,1863000,132040,318270,0,99095,286640,322450,143280,47096,151120,1225400,494370,102220,142450,0,446800,249940,42131,384290
P19823,ITIH2,386880,163860,25161,1701500,1546500,2381100,30969,69072,1030000,20628,467740,21076,1791500,854160,506520,575780,1097700,428620,1374700,384710,177000,546370,751450,680240,773080,696810
P19827,ITIH1,111680,151160,0,463240,529830,1605600,35829,374690,568720,8765.7,226940,7104.7,1789000,241870,163770,191880,201860,98718,374570,253970,69533,68202,333240,118460,107020,1387500
P21246,PTN,315760,0,21730,74564,76679,36577,18807,15557,0,0,2165200,68253,51913,155840,933650,1431400,16102,102060,58819,60462,82299,2251000,121090,287970,131510,75068
P22692,IGFBP4,63185,0,15278,185680,353330,265660,17807,2088.9,9216.7,18030,1308600,0,49577,77119,556580,1354000,250860,60295,41806,0,66221,1212200,70936,320570,290940,96617
P23142,FBLN1,4252400,4031800,988260,3910600,4547600,1206500,1008400,1982000,581360,2118000,4903600,2148000,2184200,4863900,3957400,5743700,2082200,4156200,2679000,768460,3729400,4251200,4358200,4494400,2897900,4202000
P23471,PTPRZ1,973300,192010,109530,638560,698130,418750,58931,50492,475620,2284.5,8392900,87656,470870,349990,3284300,4958200,22569,1080100,218790,382900,163530,3623600,779740,892060,602790,544930
P24592,IGFBP6,52277,10155,53485,877320,341610,70983,100750,206240,37527,141530,506810,18714,343820,279540,331100,294800,991750,294860,62855,28440,559320,552280,769030,90087,320590,1524900
P25311,AZGP1,13483,0,0,78563,82508,2309700,12347,53368,1114900,6433,44076,25162,1256900,193830,176610,108130,24076,181430,59547,42838,11893,21120,182720,73398,100960,344710
P30086,PEBP1,629510,339260,6871.2,148090,0,826160,122080,213870,92579,0,588210,17755,72918,825060,131520,625110,0,400320,28607,13310,48361,198670,127330,29359,86981,318950
P33176,KIF5B,492780,290510,163860,527460,958310,59576,274860,18707,771380,200140,408170,295630,877050,398940,520470,460760,279320,114510,882540,0,183520,758170,989580,797800,64991,895810
P36222,CHI3L1,201910,193780,103670,743110,285820,1646700,571780,480610,2578700,265130,4473.1,133260,32639,206050,547930,104720,198880,735020,507930,59068,165840,112220,293040,634630,309010,403500
P36955,SERPINF1,6249400,4023100,2500200,2241100,3064900,755300,4176500,6307500,234780,2612400,1303700,4433000,1057600,6770200,2881400,3201900,330560,10534000,3308400,1832400,3283500,2432200,5005000,4912700,738320,3476900
P40925,MDH1,349140,493590,25875,140760,113630,686580,217950,111610,25326,0,425970,23963,246840,452110,147160,396570,70136,189650,169560,55129,181670,273500,384340,175020,34677,226050
P41222,PTGDS,8182200,3825400,15657000,11628000,5097000,1651800,10510000,16710000,449830,10979000,10984000,13364000,847410,10606000,12472000,28913000,517840,28827000,10501000,13056000,47668000,9129700,12439000,12497000,1625000,32926000
P43652,AFM,97118,63725,24045,1044100,1013600,1800100,107840,257490,1595200,7952.2,766640,27478,1484800,414280,771420,599540,1085700,299360,494190,212060,112610,731090,1826600,333390,1229700,693700
P48745,NOV,407990,30053,7458.1,526660,787350,155430,0,10022,317860,0,1618100,1937,112740,546310,965100,2079700,0,277660,124810,170960,207660,2296400,75418,734860,968760,236590
P51648,ALDH3A2,3177600,13913000,0,19657,27471000,29745000,3214.2,40248,1057200,0,354480,0,43193,551970,275680,120960,16054,518300,348820,15782000,0,247190,5494200,3765900,351130,191320
P51693,APLP1,3551800,125660,50113,1629500,2162500,2884800,21275,32744,265510,26906,26875000,155360,293700,1660300,5063600,12516000,35837,1465000,257450,231440,2610200,14918000,150790,2818000,6644300,1416600
P51884,LUM,11174,58820,1039.4,778690,184760,310980,20241,48564,103860,0,196260,4382.1,197590,397730,646690,84565,665810,335120,96455,0,13456,458040,446910,151240,1030200,155820
P54289,CACNA2D1,233530,0,14825,323750,101230,38294,403.35,92973,1178.6,432.26,1124100,1468.6,66590,67651,379090,1525200,1823,269980,1500.7,65454,472490,968530,0,342930,71312,69617
P54764,EPHA4,1039900,10252,6608,487200,277660,87383,27231,0,663.05,0,1649200,47105,19098,312480,872570,2858200,0,635000,39439,517760,440400,1216200,101020,765080,171450,71073
P60174,TPI1,531280,855960,39090,136990,253100,1283700,229000,42951,38281,23136,78398,70003,208820,216890,28533,419600,29048,138210,124540,137290,133670,79130,492310,121220,27585,147750
P63261,ACTG1,1079800,3137000,214070,3684000,1276100,9446800,226670,173800,765300,62875,664420,329150,1409800,1512200,2789800,1186800,3669800,182050,1098900,1181600,122160,785340,1691000,2165500,1155700,550700
P61769,B2M,12596000,1906800,1859700,9585300,9468000,2592300,2723400,1851700,1907100,1613100,10261000,2684400,1347600,8796400,13200000,12311000,3150000,10661000,9119800,1165600,7177600,9879500,4443100,9340500,5599700,9137900
P63104,YWHAZ,124000,517110,0,24744,75679,402310,244810,34699,6900.3,0,115710,0,65999,369300,224280,168880,15493,37799,243970,48166,0,62902,307080,152860,8982.3,41300
P69891,HBG1,17498000,24052000,11873000,457150,167910000,22730000,4425700,5086100,1782700,7228400,1334000,655290,110470,5358700,5483000,4148100,134420,3347200,8740000,30651000,5514000,3073000,11853000,38144000,287030,2791400
P69905,HBA1,49076000,115470000,15624000,1651000,409030000,273060000,5015500,5719500,17209000,4014300,5480100,985090,1337900,11170000,4902400,3935300,2626100,8106900,16790000,276500000,5511600,3763400,89934000,72132000,5827400,4406700
P78509,RELN,1970400,0,2120800,1280.5,5543,8128.4,1791200,0,178530,1365000,660630,2091600,299680,2031900,20668,2003900,0,2500000,3016700,1684400,2410300,900460,2209600,2500100,0,1641600
P80723,BASP1,419100,355770,15316,214840,368000,938660,189980,0,224710,0,2024800,0,385880,818410,763410,1767800,67086,157890,251610,0,373620,1135300,108780,262970,409050,4134800
P98160,HSPG2,299440,66513,438340,256160,1137100,281320,89400,144860,153380,86372,1829800,68702,111090,287830,1506600,1547500,84972,310140,170580,830020,168740,2062200,472690,948290,1515000,289290
Q02246,CNTN2,281470,13482,13274,41767,0,151340,20479,142240,444.35,5895.5,150350,149950,36597,269020,30949,44317,21116,686130,34532,26296,86335,34916,9614.1,0,21677,274040
Q08380,LGALS3BP,352880,316380,33619,147740,153870,245210,114460,160650,1630.3,14652,22265,180380,70665,748670,54682,267450,0,1147900,179980,224430,141290,87088,147660,225760,0,223550
Q12805,EFEMP1,5858800,935440,187700,3088000,644400,1170800,144130,523170,1835400,303540,1020400,984490,871940,1795100,1876400,1397700,1870500,2524800,870000,77966,2545600,1026500,1391000,1935100,1212100,3328800
Q12841,FSTL1,214270,63025,0,139980,242880,74513,66989,59523,198480,40744,545650,56970,225520,204820,282110,431590,271250,223160,98021,35528,50151,442300,319670,527110,459230,41550
Q12860,CNTN1,1011300,30160,78905,198020,129100,349070,78036,60145,42602,16361,1877600,34779,26680,287950,264550,1299200,36984,1134200,87379,123650,395220,670740,12656,329950,209960,144170
Q13145,BAMBI,33426000,0,42032000,30131000,25861000,5075500,37745000,42178000,1537700,43208000,10233000,7312.2,59080000,16289,23064000,34869000,7640300,44641000,43986000,25775000,45891000,27499000,29860000,33035000,2280600,0
Q13822,ENPP2,4137900,7526800,1499500,785520,2132700,5718200,2403100,2908700,217460,1944700,857640,4805500,1505200,9205600,705370,1786300,316510,3964100,2309000,2281600,1712900,891730,3788000,2420600,166480,2394100
Q14118,DAG1,1575000,60770,15288,983190,1167800,1888500,0,11301,178720,8571.8,5889700,45389,260170,1293700,4614300,6309900,94003,291020,337220,206870,395940,4301700,635820,3114800,1406000,1202300
Q14515,SPARCL1,4363700,693690,1145300,2967200,1122800,1531100,519070,451660,1173900,534570,3785500,1736000,425180,2044700,1275100,3787200,181460,1315400,623270,887820,6279700,2992200,903290,1782400,1278700,3242700
Q14624,ITIH4,41381,200400,12447,664400,294590,246700,15083,44732,730410,0,24820,11957,1697100,342520,228430,137110,307690,36203,273660,27019,31762,346330,157580,266510,146110,316790
Q15113,PCOLCE,206820,0,0,74714,230610,117540,0,81721,3980.1,5280.5,175430,0,0,43601,189520,222670,35654,675870,99613,7755.5,136840,390800,373490,43039,2191.6,238010
Q15582,TGFBI,114320,9690.8,0,96611,290020,1696500,44801,0,352830,11507,418470,40362,179670,103430,862800,1173600,1973000,55646,88766,0,133060,496870,157990,407250,854610,76730
Q16270,IGFBP7,3096000,3783500,377670,834590,2709300,1261900,1056500,1915200,715800,894310,1887500,2546900,588730,5703300,1059000,1818600,598090,4010700,2185200,975380,609750,1808000,1424300,3235900,389980,1481300
Q6P587,FAHD1,1002900,4431300,1841200,7263600,7803000,1513800,5133500,10366000,3173600,2342700,5214300,8492500,5564800,10924000,8413300,10625000,1473300,13569000,14924000,9875300,9259100,8715400,8546900,11935000,3077100,13627000
Q71U36,TUBA1A,198180,634510,4786.5,0,12844,167610,30817,4214.4,6413.6,12266,0,11495,94902,194990,40694,65301,10349,26571,73407,11966,0,28157,105300,13294,0,19372
Q86UA1,PRPF39,4352100,0,77438,119710,339920,542250,17724000,396430,171840,220090,37410,43272,127710,527760,419040,163270,36572,1423400,3524800,3135800,259070,206860,984010,1529200,92228,975400
Q86VB7,CD163,288680,1776.3,330550,240550,18329,1169500,57371,578990,94769,12386,45679,4901.8,346040,654590,538840,75408,203300,223010,15370,12684,1741200,12959,646550,494640,48752,185640
Q8N126,CADM3,600450,18142,20292,140140,146450,426610,0,0,30312,0,877640,0,38197,226670,390960,708850,15856,87360,42113,119200,292020,378370,47002,250920,315930,183780
Q8TCZ2,CD99L2,144490,50356,86973,249210,98862,121430,28683,55668,0,32930,138000,54397,38884,241730,106800,207630,0,266350,72161,128990,409910,153700,62419,137190,37839,284630
Q8WVQ1,CANT1,2893.6,11109,0,40052,71146,0,0,0,28107,0,78695,0,18738,35056,118170,299460,1417.9,60068,31644,0,4020.7,129690,3537.4,89367,4716.6,45257
Q8WXD2,SCG3,4007300,190970,639750,3603000,1406800,1247300,146430,99186,230150,25181,7153300,181080,334540,2472300,2053400,4915800,150970,1479600,338980,1067700,2424000,4282200,172870,2184800,1879200,1048100
Q92520,FAM3C,972570,234350,30960,341460,995530,555910,72857,33417,79630,12213,2872900,292580,76072,761110,1689300,2814900,2151.4,757010,87997,470170,572070,1849200,75817,1499600,1090600,698810
Q92823,NRCAM,3782100,48820,105780,1109000,974370,1780500,29872,164040,93254,15696,8208500,20905,259670,1328100,3398600,5822800,61165,3306300,178000,706460,1814700,3957000,79017,1544200,517500,862800
Q92876,KLK6,1957000,622130,863610,295080,100430,752100,304980,862640,339500,602610,50433,2749500,314990,1636100,0,122680,61572,1111500,650190,404030,2311500,28688,945440,322260,3282.3,4410800
Q96FE7,PIK3IP1,97563,0,11388,119720,0,101380,0,34098,5110.1,0,203800,35353,0,213440,256200,463050,14397,94467,83380,95666,132060,433240,444.66,121540,1174.8,142740
Q96GW7,BCAN,2143000,78214,219600,670740,1070900,1090500,190120,44180,159480,90321,10956000,187300,80255,1683600,3174900,6026600,58024,2991700,543440,269120,317240,4941400,142190,1547500,2094000,440640
Q96JM4,LRRIQ1,4515000,1400600,588250,2843900,2474000,1145300,2513500,537990,2382400,1057500,915310,2697700,10810000,7181500,13389000,10873000,1774200,1613400,16029000,3918500,3225000,2860200,7311500,7645600,2129000,7454400
Q96KN2,CNDP1,1195800,258700,200410,97228,0,660400,278530,582950,191580,196350,60675,382010,81674,272610,0,11671,7246.8,93318,192460,5769.3,1050400,0,259470,68946,80312,1455500
Q96M86,DNHD1,2995200,993570,4214900,10659,367760,327780,1998200,3228100,123920,8180600,479740,3967700,255880,3228100,431830,1675900,19954,7481300,3637300,1742100,2905300,911.55,2314100,2049600,0,1300600
Q96PD5,PGLYRP2,46672,8207.7,0,568430,531210,416020,0,0,345620,20643,164140,6218.7,581990,297240,135760,176250,240220,72862,196440,36342,22933,139070,127380,216840,930460,331610
Q99435,NELL2,3277100,36490,159110,1841500,4052800,302060,0,30156,118540,8844,27247000,93239,245760,854000,10367000,20228000,10431,2152300,1143600,1409700,3637300,17839000,120340,3558200,5102600,1044800
Q99674,CGREF1,236850,0,0,344920,146330,13351,0,0,19850,0,931040,20628,640870,184780,378230,778040,441350,128510,69550,76981,95208,324360,136740,278360,45734,162980
Q9H6X2,ANTXR1,5507500,6101600,5712100,5260300,4952700,0,5323500,7859100,0,7640200,1628500,8359500,298920,7728200,3525800,5168200,2380100,6023700,8546400,2463000,8456600,2690000,8255200,7317200,0,6641900
Q9UBP4,DKK3,1171800,86081,76982,136480,176050,807540,48426,84285,43617,96029,729790,185220,54067,341940,628980,731930,212190,629180,100360,119720,5088000,793770,135520,280950,235280,1203700
Q9UBS8,RNF14,410230,356040,0,148360,112090,184420,85417,0,28954,72016,0,137080,47204,109030,261020,420830,2431.7,861570,269220,139850,247580,0,211910,499880,31583,374140
Q9UHG2,PCSK1N,2563000,45639,155390,229240,1273500,915390,4730.1,17374,113990,93133,3871500,152390,116180,1784400,3491100,5942200,0,1335000,406630,1148800,1217400,1900600,256370,3782400,1144500,988930
Q9Y463,DYRK1B,2982000,3713600,3478500,0,2509100,15825,2711000,4402500,156280,4425600,1080200,4764000,0,3719000,1501100,3373800,0,2483200,4589600,1623300,5098700,1409900,4396400,3962600,145890,3406800
Q9Y625,GPC6,2755000,2480300,485600,4285100,5264800,11927000,3733600,292030,6633000,372000,4730900,656590,16925000,6180600,4499400,3437800,4396500,207540,3735000,698040,800170,0,4128100,3077700,9574300,140250
Q9Y6R7,FCGBP,1450900,148130,207590,969650,383500,2147600,190270,710750,905140,39102,1479800,69978,448260,576390,3697300,580890,1026800,5092200,226990,127480,135310,2387700,510660,1930500,913550,181100
REVQ86YA3,ZGRF1,870510,1039000,1511600,2227700,2147300,933180,1061800,1744800,1183800,2394100,4065200,1593900,613580,499020,1592600,2162600,1719900,2834600,3121400,647920,1989600,3442700,2631200,1307700,360760,2492900
P00558,PGK1,8139.1,433720,0,214150,275130,702960,46946,20788,475240,0,25958,54431,0,166610,77054,0,59226,211220,0,102740,0,162590,144580,143690,1941.4,1582.7
P01591,IGJ,75255,67817,4681.3,28408,6366.5,26354,17690,26608,16220,11295,1531,35313,2148.6,0,319.67,2562.4,1666800,0,6702.3,1638.3,1156.6,7574.2,56092,0,23376,0
P04114,APOB,3171.4,13406,111390,92977,173830,1821100,77316,27661,529740,0,29564,2393.6,122960,0,1050.3,24022,353230,9085.3,17135,59724,0,52213,76962,312400,355870,25239
P12277,CKB,179850,419480,0,16525,30317,19291,37739,18417,138160,24749,520.27,2666.4,20173,56957,611.51,1480.6,5694.8,8664,27098,0,0,0,132330,18744,0,10262
P16157,ANK1,756340,11654,11199,488.7,965790,253200,54151,0,2335.5,0,1088800,0,1841.9,958990,468930,1064500,16414,1703800,1022800,0,0,480750,1280300,1150300,60815,909670
P18669,PGAM1,163170,265090,0,127660,92974,1423300,43577,30458,11628,0,67474,0,159570,254050,302750,184020,17968,0,35078,17777,0,67619,280540,107520,0,95628
P62258,YWHAE,67914,238510,0,84820,265410,228810,33896,34824,0,0,36666,0,77367,47681,24666,26758,9169.8,325460,319010,0,0,60602,72179,25000,45879,25463
P69892,HBG2,133600,17064,841770,21444,33247000,103470,0,8727.2,0,0,284310,0,36327,133640,201730,148750,2330,106290,0,1042600,0,390990,69708,3926500,282890,16171
Q01082,SPTBN1,19068,20877,1439.1,37312,98277,171820,900.06,0,296350,63602,74856,0,560130,51935,245390,0,247970,0,19751,76598,3887.2,134900,17428,37446,131090,45189
Q02818,NUCB1,28006,53773,3458,22880,85556,51002,362.81,0,32060,11483,77378,0,4396.1,46373,179600,33259,32274,15458,2723.2,0,3941.5,51601,65720,23371,114450,0
