Protein_ID,Gene_Name,BM_1,BM_2,BM_3,BM_4,BM_5,BM_6,BM_7,BM_8,BM_9,BM_10,BM_11,BM_12,BM_13,BM_14,BM_15,BM_16,NAD_1,NAD_2,NAD_3,NAD_4,NAD_5,NAD_6,NAD_7,NAD_8,NAD_9,NAD_10,NAD_11,NAD_12,NAD_13,NAD_14,NAD_15,NAD_16
P01024,C3,1594172.658,4081974.591,5338822.961,5935730.01,2713709.654,6060138.091,6313961.199,7106937.48,4221081.206,6561271.083,4812139.976,8844005.415,3713787.037,3318760.417,3288698.939,4359073.582,2141406.497,2003505.973,1556544.076,843867.7083,1092445.657,2307040.96,2028650.718,2580394.734,1345373.698,1701911.734,1541046.197,2315205.697,1902935.175,2038091.691,2185330.69,658277.4493
P01023,A2M,1248226.596,2228630.57,3616525.353,2257319.24,4589650.864,4153101.183,3073109.022,6036331.375,2706041.439,3758220.526,3459571.229,3984295.884,3488819.337,3947788.751,2823253.63,2969995.405,1313148.058,845194.0648,1598625.242,782861.9936,843282.329,2295729.722,1933365.146,1314301.569,1392317.003,2306958.805,2110942.983,1879605.781,1775101.328,2439373.673,1547612.779,1340643.799
P02671,FGA,247453.7977,3077400.467,3517209.826,594687.3141,205207.855,1646439.39,1125531.445,437293.369,4579856.897,1748378.468,6715906.18,12228006.47,3663289.722,11648098.8,1745691.725,6933684.441,176663.2016,171825.244,143194.6197,111204.209,187550.7257,237354.9212,163537.5748,330156.373,287512.193,166731.2879,166108.3318,233867.7144,331349.8911,641014.1871,558327.9055,226693.3653
P02787,TF,25097757.32,23590518.85,25251348.88,35813519.78,10385437.81,34333679.61,22876270.04,34659940.18,34583674.85,35336154.65,27048083.05,61425378.94,52614979.56,32964157.14,50950252.21,37713684.81,38966941.11,34669904.9,24620374.77,26494151.74,36743768.09,46726868.97,47334099.3,45014278.13,29054954.26,41746428.55,45964984.4,46489405.77,23284418.31,36745978.6,34866877.26,35033180.82
P02649,APOE,4772232.03,1486130.863,1538790.956,786992.5717,38159.13638,1151182.372,791015.223,955051.5016,2502763.309,1121193.983,746520.5365,1054978.372,3050338.62,613046.0818,5849755.936,3321250.008,8704069.439,4433901.197,9011867.693,3119139.268,4883012.408,4564451.895,5375553.06,6197671.471,4687814.622,11592255.88,11860414.49,6457819.624,4329727.907,8870163.738,5896522.354,2381884.82
P02768-1,ALB,198966112.7,368817722.8,269613075.8,459783590.1,224619969.6,454682651.1,330304135.6,373629310.8,260005019.8,378082063.2,310554443.1,478563740.5,173157341.2,432703033.8,419704815.2,404265164,233983438.2,289935326,143749762.2,152234983.4,372665370.9,444206006.8,265358749.2,369090788.1,280735832.5,480200765,522318918.9,530040626.5,456727948.4,312554121.3,355580353.5,291306363
P05060,CHGB,2483450.5,354626.5892,119392.4323,70324.38256,485966.4783,50245.16042,66986.99844,185859.755,477908.2528,77359.6747,110248.3387,79144.5397,390972.467,129522.2351,844473.8574,350975.5051,2584151.363,2071157.781,3276468.264,1724461.296,2086455.567,1448390.423,2366555.974,1648423.924,2218206.396,1889076.919,3632637.706,1985239.621,1617093.692,3206408.608,1986062.165,2892609.199
P02647,APOA1,8638110.082,15233776.97,15428219.53,28825352.45,3426782.098,25984098.73,22564757.39,21015219.32,12597423.48,14055803.54,13233155.53,42197621.52,9738303.694,17835108.72,9658061.219,18873190.19,7713950.658,10255752.54,5167134.618,7168501.077,5782448.746,7965265.735,7402477.698,11459077.32,8340667.436,10832479.35,8474426.361,15173914.29,15970408.25,8220533.147,10610690.03,5195431.98
P02675,FGB,300346.6567,1715882.074,4514284.432,925001.129,4348431.974,2122440.743,1350345.174,436574.861,3159986.911,1001044.488,3134220.264,4422916.781,1069218.681,9617874.817,687272.6235,2969837.533,228084.0911,326436.3784,179225.3458,174551.329,301630.9467,274479.1267,242976.137,365016.3371,186386.0938,238523.4519,207947.388,208608.474,264790.9992,299468.1423,448655.1141,128670.813
P06396,GSN,763434.9715,1177636.975,849955.1017,1160074.355,793594.1594,1006042.437,965412.1528,848108.7519,1407140.715,730077.9212,607464.4305,691708.9546,716945.4613,1053368.391,1176552.976,1792435.748,696951.1309,838991.1222,1002120.872,270792.3838,1061257.386,1583590.938,979715.2902,1553827.134,151512.8643,1545627.279,1034009.47,1033522.604,294598.8515,1683166.513,1474635.887,98576.8063
P02679,FGG,300899.8763,2249136.627,4643756.262,494255.5943,3545595.147,2811468.738,1205402.123,542904.3608,4122101.805,1255621.602,5389220.082,8662612.909,1366035.131,9966872.119,1117574.95,4858175.467,287941.4031,360728.2998,135146.9495,186696.8119,479568.259,309201.5296,253870.242,453182.1808,473284.5465,241524.0234,739499.8993,645947.6957,222799.3083,518046.0567,678925.0562,238350.0233
P01011,SERPINA3,5900591.883,11031031.96,5171673.145,515306.3156,355388.3343,4583280.629,5350113.272,6037118.933,5783726.15,3697685.138,5055649.286,3606989.773,11277737.73,9359796.526,5843990.587,5638862.449,1494336.079,1824992.984,1274197.83,1157175.063,1904752.114,2385822.427,1869802.709,4249043.597,1688845.691,1304136.631,2748543.743,1993146.205,2711307.769,1936486.034,2151108.459,1788799.321
Q14624,ITIH4,75802.02831,587267.7803,1244584.273,1793410.351,244933.1105,2120843.132,1228795.62,1325689.928,848085.8472,2807093.428,1016392.07,1807808.125,2012673.019,1136251.026,450505.8955,1326153.334,114688.0463,111619.1986,104777.5366,40977.48979,133037.8534,387689.3523,159522.0242,247693.9717,87789.36046,222638.7434,117272.6737,301216.0414,94340.07416,362801.8707,369188.8556,74574.27302
P02788,LTF,409607.701,145837.689,2669192.223,1274000.632,7976344.728,1648693.505,183129.6602,102055.136,777681.7989,299072.7687,563992.7256,3478592.394,199469.2489,686462.4052,2047651.292,3070929.434,24372.06733,31332.28859,35045.52955,22619.57992,32245.62634,63117.22258,32081.54764,50364.86681,24334.53213,60858.61994,42159.90208,29746.09471,21764.25064,42379.54756,46000.53586,24897.59594
P06727,APOA4,3734913.25,2388020.475,1503299.951,1010026.473,559086.3663,1927576.001,1123345.432,2406364.053,2445078.348,1536913.817,1219464.986,1832744.965,2732627.383,1872517.75,2775908.149,2221489.865,5767018.359,3024210.646,3610405.471,4934900.454,3583175.344,2821717.656,3368759.632,4164317.039,5271195.065,2897605.628,3790289.537,4668265.671,3910981.68,4007437.49,4206670.941,5515156
P01008,SERPINC1,370224.1916,759472.0201,592212.8632,1586719.377,196758.7587,1363360.175,978391.5933,1350268.548,806315.7985,1167217.087,1282313.202,2227467.445,2007601.395,941151.995,589549.5296,832813.806,525402.8101,564277.5626,294231.5809,220201.1842,557107.8241,1066904.379,557034.8045,636515.5331,526984.5992,928183.3653,791494.6868,951142.6934,587156.7652,632644.859,586111.6617,347414.3442
P08603,CFH,482557.3222,740684.3002,778421.889,818974.764,219218.0113,1030833.212,712553.8508,1108905.311,836059.2756,1009483.897,701242.5307,809901.6754,700711.2858,738483.3082,704525.5256,791802.942,565462.778,490756.2426,368219.2567,351501.2531,597390.4082,701949.6398,567796.913,1035705.167,954298.8212,886009.4768,952975.6605,925517.3247,851558.6457,717857.2451,806503.1296,403646.8515
P10909,CLU,1400799.686,1834750.112,1673024.128,1036677.624,864422.9436,1640331.439,2808793.112,949639.5792,3063349.16,940314.1949,942600.9013,1254838.713,2287993.812,1352742.622,5229838.806,2485822.177,848266.5923,2681141.659,2767798.94,1210275.068,2226266.024,1629799.786,1882937.761,4418960.951,371794.7138,2897573.252,1830550.274,1171834.911,830494.7167,6285600.451,3798081.294,372136.5088
P01031,C5,10712.18139,105499.3465,214624.8686,135917.6979,228555.5792,170229.2292,170284.6056,230169.9668,146929.7679,290896.1875,119961.9789,140902.5603,179451.5795,107820.2456,105466.4082,141712.4462,23293.16354,14917.26967,9800.196117,15563.09265,9271.392639,109023.1616,30866.69986,66503.47938,20093.99043,35055.76014,27268.74852,50116.97368,48562.04377,22367.30601,32408.87445,3958.702175
P02790,HPX,3473363.334,6189471.609,5196821.233,7657127.583,4842329.012,9753123.739,5886233.726,4426422.62,4855790.129,9633187.861,6215306.102,7918983.066,5383402.217,6424362.994,3767344.584,4294809.879,4422114.174,4549912.738,2183369.115,3874526.528,4844980.858,5408670.442,5962261.327,5500174.722,4020154.261,2189892.972,4298520.405,5790822.412,3680873.335,3409949.611,3326748.47,3187903.845
P29401,TKT,132688.3236,339392.39,95582.51882,490072.3588,943352.1454,415930.6632,78171.30929,83835.59665,727770.9462,298982.5831,103270.1584,53652.06944,370726.633,218658.463,620754.4473,949529.6959,44038.26688,67622.42687,30349.77498,39772.84139,55910.23701,30019.88079,48975.98023,54942.60889,76442.18441,51025.09609,79263.50775,101249.8028,111615.5825,52961.30309,143075.7678,58423.61931
P13796,LCP1,34447.3136,322040.6266,114695.465,454374.6607,1989784.967,322876.223,60687.05717,49170.6004,677860.4755,459073.999,56938.42027,80659.1988,401894.809,216884.8686,453369.297,1117990.399,15641.03683,20657.56162,15182.0531,8998.464731,18979.74285,26755.00265,9637.186281,10630.58798,13872.24515,19857.46698,15334.03763,16942.88525,10330.38773,10249.16848,34941.41645,19977.14047
P19823,ITIH2,238110.8816,161679.6996,231903.2499,644962.3526,134095.8155,394383.5552,315315.7729,827313.9469,196882.5112,459272.775,404711.015,723002.9805,261696.1982,462234.1093,219014.1982,301494.8429,305571.4398,239372.2786,241581.3268,70627.28648,352686.969,242815.7346,247424.3903,213784.9896,61855.35083,252190.6579,127060.3364,241569.6102,129248.833,269296.2117,204867.9966,65647.90531
P04114,APOB,58650.90408,141141.2882,342356.5315,320710.0715,198921.3948,673408.1386,470774.4379,525360.4285,101854.4713,570904.0536,161655.9658,266056.7869,164366.2531,166662.4551,80385.94135,151515.832,39548.09856,62986.44601,52051.24323,40241.8783,77965.71925,63919.57063,88632.8613,77534.56709,50501.71277,144814.2319,92573.51459,92776.42803,45889.4545,39416.10926,42148.39037,35240.70672
P01019,AGT,2240744.878,806694.9258,1057380.429,705265.0846,95418.92207,844688.1236,321551.6324,612150.7939,1231828.827,790463.9836,345586.3841,658177.8789,1449847.615,731880.5246,1562628.046,972149.7577,3462558.994,2856340.667,1817274.683,2087490.476,1463571.043,3032293.414,3430533.018,2451450.957,1251293.681,3061801.41,3772847.76,3011660.473,2391939.73,4674870.282,3391617.847,1743425.864
P36955,SERPINF1,2144071.281,932491.9336,661173.3931,405572.5941,249278.9051,518007.5522,280942.5931,679138.2857,828234.4729,514257.8708,392266.4993,551072.6361,1148769.369,454362.4392,1164796.91,1161631.151,1755711.319,1591225.775,1730190.952,1316962.467,920829.3496,1459920.028,1982946.13,1657926.651,1082093.481,1800065.802,2341215.775,2027590.036,884256.5098,1571146.705,1893102.248,558496.5219
P25311,AZGP1,903726.2024,441705.497,1087148.65,912756.6962,458271.1411,831238.9063,661145.7394,813561.4767,747758.8835,1159247.483,628013.9685,681272.818,1735434.297,632053.0661,629865.1867,844511.4059,1037263.058,1104534.711,710308.3276,866637.0498,960285.1172,1232984.58,816463.3214,1129613.85,869410.8895,1092978.131,1392994.124,1260823.077,1618032.824,993194.8219,1130456.944,686410.1285
Q8WXD2,SCG3,310213.1139,32616.54384,55906.00383,38231.24201,85124.15405,28159.73436,18589.8504,22440.56488,85869.71777,24213.79493,27928.14471,41041.17445,46311.99823,44613.47982,97741.06666,51692.92355,308721.9982,161481.117,287411.4091,84209.25253,254694.6105,129879.3113,210997.839,201693.7388,115205.8588,170866.1047,177400.3393,134394.0512,117281.4505,453957.4172,211936.6615,157789.3769
P05164,MPO,237196.0192,241663.2709,522140.8951,258123.8391,1996097.918,315309.5476,170846.6806,46422.45513,559587.7029,271709.0545,70489.57162,208011.9716,86488.91252,356465.5687,768634.1581,1095643.21,97145.81254,75733.87453,103370.3658,85897.22942,62829.04075,89864.49553,80806.68048,72229.58836,111589.4522,54341.26059,76232.30866,79915.7411,48814.56831,114459.2416,72363.97158,63993.96262
P06702,S100A9,1250684.608,2217108.513,730866.7996,11218082.17,64775653.55,6136405.006,589436.3116,581692.0578,2838200.723,14603711.78,330637.323,368736.9078,434508.6214,710880.6688,1298819.402,5682490.341,623491.9965,500733.8789,594330.279,403665.2553,1213912.304,1255971.721,744049.3918,425102.0156,472773.9097,379623.2587,397608.7333,304968.101,406936.644,557404.3573,495076.8147,307015.0543
Q13822,ENPP2,974820.6461,279771.3767,211850.3651,441216.504,153988.2217,235050.9402,131561.0917,93812.96026,344353.3429,144436.36,86798.74034,191243.9937,169625.2093,216985.9118,693085.6451,615366.185,972016.874,820776.9738,631200.7707,864083.1633,967734.5891,608394.5819,1223500.354,754577.9435,755175.2082,771286.2883,1226124.875,1128911.768,508969.7582,977022.0024,1089163.347,801540.074
P05067,APP,349812.2345,26106.00038,30079.06147,90971.44482,236108.0442,26785.88628,26843.11729,25597.47281,139126.8254,35701.39242,77564.62176,80713.93039,17350.24074,87139.69783,191634.0455,69484.88968,287723.7849,219643.9756,384294.1808,94705.69114,166779.3963,114908.5264,116130.0234,111824.0601,94154.8673,122940.076,99716.77209,204829.6847,189800.2533,827359.4471,376029.6702,231944.3017
P04040,CAT,42532.62948,80810.1195,54168.45655,156389.7655,802079.4779,69760.95891,30217.61027,79862.43809,287665.1606,113392.4966,9804.282849,15200.84861,87068.79341,56927.00515,115708.2489,370955.5614,26172.71294,38179.48301,69675.13904,38036.38353,24318.12872,12070.87313,21154.0577,8523.3787,11889.72587,73775.32757,8129.587768,23980.57589,24618.54199,126000.6105,37015.52121,25634.58426
P04406,GAPDH,249313.3964,415481.8416,220062.7635,1215263.661,479727.7513,713929.7437,395501.7346,191295.6374,782301.1707,1233037.95,146123.5667,167063.1817,437993.6728,678483.5564,873535.6519,2437992.94,144489.9339,167180.3223,133073.4336,154710.3075,144422.9527,97677.50885,100493.9794,79154.30705,178905.9711,112805.9874,150872.6576,149118.9823,147574.8338,133928.4422,135337.347,240942.497
P36222,CHI3L1,393014.3229,1900801.942,181031.1917,120445.858,264477.2195,134219.3156,67930.69016,305738.9999,3903579.959,77481.87679,68731.94595,165043.3336,1905124.098,1462795.443,2150702.613,2928793.232,286552.5925,152017.9522,216964.6297,260894.7703,87678.32301,276123.2475,281891.6914,277319.3373,739750.9687,193619.2947,309078.7445,234224.1623,646148.331,388144.5262,320606.0974,228893.0944
P21333,FLNA,204800.4203,48869.48422,50585.53347,49357.52501,113839.7893,52054.83986,26740.01927,19604.4747,140486.7684,75102.58875,10565.74149,20532.58594,26827.93502,42361.50008,124946.1534,108748.5566,171192.8608,228152.6232,193274.9355,250681.3184,288299.4167,50005.28079,273104.9439,149517.7861,388638.6171,98917.68303,202745.8682,260060.4089,302707.7839,129863.2312,29408.59893,395456.0624
Q96KN2,CNDP1,314448.4998,128995.6911,141835.5174,213115.8701,280073.3659,109094.3742,135599.8332,85272.5658,203869.0179,128124.1195,76571.50264,117061.6585,130503.8279,119413.9584,281970.3381,186075.9886,260256.3346,130829.194,136111.6061,259137.5886,332642.9458,458967.7858,350303.7796,411615.9044,366859.5636,320251.4165,651714.2446,323858.8773,431074.1675,329346.1218,214865.8638,522347.011
P04217,A1BG,812386.748,1697747.827,1722081.924,2355485.768,1072575.913,2466475.206,1680068.925,2626316.514,1865063.412,2520195.98,1959849.901,2248622.815,2351420.556,2334614.958,945090.0019,1423090.163,795446.057,957789.3388,678372.5561,832197.1928,1069762.49,1826240.788,1167104.644,1888605.051,977179.1902,1477568.728,855520.6918,1491653.871,913383.0118,762297.9309,858580.1409,772245.8236
Q08380,LGALS3BP,291755.9329,115388.3588,57119.35704,26770.06318,27371.61904,75485.5746,52301.57365,59467.87525,157095.6927,49434.36207,58791.58299,75172.29341,180611.0726,90915.22019,221999.0562,124998.8706,389626.5724,256715.629,355176.4765,271503.4521,303026.4282,298429.4746,460202.6933,263585.1819,252937.49,298232.8852,550650.6227,295313.7974,356534.7714,376055.2476,347228.3127,185205.2386
P07451,CA3,19064.69713,17943.7798,15729.24783,50090.86305,33051.02286,28159.79268,37161.53841,14453.03562,47436.73847,60639.02782,9431.513488,21840.00548,14487.85954,30710.79789,53116.90599,141612.1833,5617.287052,7468.439223,18883.01643,13417.32809,4969.816807,8451.677097,65899.97695,10583.84077,7875.632527,48192.13237,41302.61592,25192.96003,136701.614,38456.36746,34770.69602,16826.43995
O00533,CHL1,390877.9188,35960.13816,36182.23639,42689.88519,208683.5567,75871.31686,52119.85368,35441.30435,197340.5433,99372.35206,59048.67772,138398.4802,59213.93001,59518.05256,218655.4169,245371.2322,417456.3412,165731.4105,415006.1166,135415.2875,313834.1322,286546.5842,316862.5519,289525.5564,140066.3826,274506.8401,385856.4855,341144.3419,200711.6095,672091.17,307833.1769,188203.1835
P05109,S100A8,612328.2805,1693402.699,314271.6367,3425945.54,37802163.82,2509288.035,311958.8031,219070.7495,2131759.344,9540390.208,266495.2749,263081.9099,697730.4914,738398.1526,1213098.453,4347331.072,186776.3672,119259.9449,70199.90393,162059.967,93801.59461,310878.0929,224934.1226,199958.2708,382579.1685,243028.3493,307358.4709,277966.3039,493408.666,324246.2839,192425.4869,479035.157
P01871,IGHM,291601.2691,898096.6402,1461238.997,387099.1391,1152323.736,1056601.538,353152.1075,3770088.786,1844833.158,4477518.982,548005.3522,322124.7893,1880715.891,1908834.433,911229.1269,3243959.794,56602.83252,53577.71277,36147.4885,35654.20938,25970.47548,91003.08656,90290.94918,60364.50821,63957.11863,153206.3479,37484.37684,161586.5861,1230238.449,143547.5853,269027.4224,76590.26515
O15240,VGF,648213.9644,100754.443,252723.9786,57798.48582,186429.8921,49228.57882,16821.58536,50423.87159,296635.4259,23691.17342,53344.86036,146137.4188,170924.1631,153274.5662,521890.2108,462811.0353,1127716.651,460766.1481,939976.3455,119615.7441,622121.3485,232772.5782,376397.8069,265798.9538,217572.111,834524.7578,977593.6466,864701.052,149011.2169,3558674.792,1120462.198,476527.9963
Q01518,CAP1,10461.37068,88224.70373,23084.11275,127396.8607,399925.2221,60319.30667,24375.16911,2745.278786,99709.4059,149172.9544,7437.028037,8625.277203,8446.136678,46675.69093,135868.713,282139.506,1268.955743,1112.145029,1662.660189,2749.477817,4851.915539,45707.14127,10718.36368,16096.51342,3373.416332,6246.566303,4647.242148,9869.562002,6756.157909,1766.015097,1043.664557,11074.77815
P00747,PLG,105768.2573,344220.7664,545351.2702,956666.3659,178065.8987,755924.0399,732202.9529,805295.3326,262432.5304,967462.168,545848.0813,774961.7589,591195.017,494821.4789,246408.4069,343905.4578,319699.095,207897.8472,208952.0041,132893.3093,336989.3644,522084.7948,354877.5162,375216.2398,185113.8303,296315.0414,217317.6226,357214.1819,254459.0612,275662.7282,461902.3965,98914.82219
P06744,GPI,102600.0128,123445.7413,77961.83945,232566.8155,965266.1338,196950.2045,60153.61055,30347.32068,369557.346,295412.6509,24995.10802,36577.03682,193000.6634,161144.4922,203345.7321,432579.9466,25424.98743,23298.10118,12958.41933,7616.735333,22045.48095,26840.76047,14671.25175,23054.12916,6257.251108,13899.79316,11125.04244,14751.66484,14318.29267,17095.42997,15446.28617,4041.620043
P43652,AFM,158698.3432,157993.2955,237854.7144,103970.1321,335318.3105,202037.2892,133482.9753,155685.1042,225380.2156,226448.6999,102184.8549,100203.4786,227057.1416,194575.1077,122493.4874,154454.8058,134292.9402,145032.1828,113832.5294,120635.4234,123255.3864,266617.7816,161910.5239,253215.2991,192871.6892,147946.2293,155670.4336,270656.3448,179301.4481,162708.0737,227132.3906,113054.3696
P02750,LRG1,615294.6923,1389691.588,1898092.648,1067410.723,549146.2884,1909188.415,1749267.577,1145502.328,1108629.803,2836110.905,2181412.334,1942155.324,2967781.588,2109063.291,1150009.597,1425020.458,292648.2553,297050.6102,483228.8681,292287.6325,257817.05,403506.7342,510215.1306,1407175.517,280981.2513,300065.1535,767009.5586,474333.1909,762836.6955,384454.104,468275.9996,379052.9307
P26038,MSN,21729.22705,67817.33967,32136.84997,62472.85785,111650.4912,54148.99253,37260.33015,29171.87502,175365.4889,88392.21913,39586.22346,32047.94287,44568.5325,112899.1882,152624.5165,297666.6769,15308.02601,7912.593872,6704.67836,6714.650006,14140.28953,11987.50085,12478.81391,12323.8749,14532.21887,8081.005735,10370.32224,11078.30432,24232.79565,11752.27433,6789.66756,4115.035116
P10643,C7,67373.74392,28467.3355,151549.0415,64341.62967,56410.79948,108094.7533,83274.85321,148844.399,202936.1497,99750.25608,86276.10568,94903.57937,289069.0648,99952.33926,209220.1749,159933.6903,60463.61829,48701.29829,78881.82371,32071.02544,101625.7884,111384.3938,87745.03223,110701.5011,63101.79367,93924.37734,84111.29798,66279.80036,97469.82958,101783.7743,81661.30162,14499.62878
P04083,ANXA1,51001.42484,66143.33211,47307.95497,81017.53493,1960373.345,38957.07115,53327.96936,5344.247847,59561.69483,61272.48457,11036.7894,17619.32169,6960.996456,33181.79992,160657.8136,227786.0547,1491.894545,2820.136559,1190.462162,3144.29005,13524.54653,8922.123428,5889.350155,6942.90088,16542.72783,8781.189933,8544.136232,11468.1183,13686.42766,1314.561511,952.6066019,17929.26868
P13591,NCAM1,148108.3116,63127.59225,55210.94611,53258.3433,55061.36276,25308.66894,80578.31202,37749.97999,111405.7924,39240.21503,41009.36004,69142.5826,67651.0536,58380.83765,121657.1589,84723.76024,150692.6723,137106.7888,220572.9465,105226.4385,262071.9635,328512.6098,177168.1372,223449.7602,186627.1394,221030.9275,250793.7406,142944.0878,165920.7479,257529.2017,169588.7342,122472.4624
P04075,ALDOA,164083.4055,357611.1972,104273.835,493966.3681,1395174.553,263019.9701,80123.30302,50785.97772,698242.3689,489820.2714,22148.61446,36285.96418,453949.7281,235827.9404,475704.6265,844203.7857,85237.89514,36616.95379,91868.61971,44598.08168,22791.58947,46379.88718,76947.68772,40964.96107,58745.07978,56489.46055,96469.42307,70347.63404,101461.2208,135504.4337,52960.93776,71325.29397
P14780,MMP9,34496.15577,63856.38169,337663.2054,389174.2678,391560.4679,355187.6421,109853.7938,3122.290139,28956.42963,546766.3906,116934.881,312515.8138,6387.128417,38770.29029,131536.89,119434.0979,12882.51282,1347.540685,4687.346997,6132.934426,4086.25435,3358.525859,2853.313419,1924.019387,6915.6425,8804.510276,253.0633994,1348.765888,726.3236566,98.10567674,6609.306192,489.8554305
P04196,HRG,448391.199,689247.9122,953171.3733,1735274.892,384307.6595,768005.7454,874647.0886,1151110.456,653874.4634,981479.3229,921873.9567,1984990.145,792909.5025,968955.0582,829513.6712,1036295.284,660684.1463,516452.7179,261075.1483,208428.9803,769183.9195,1070336.895,425122.4498,611645.0211,404773.9376,772338.0489,580131.3839,970481.9143,377196.8613,599983.7525,829894.3023,207103.2641
O94985,CLSTN1,261017.1659,60432.87264,34804.72385,64892.41552,34784.06889,65020.5576,33928.9915,35733.31292,122348.4212,47430.69044,48163.38234,95187.68894,20373.24188,57271.879,227133.3944,170107.4835,217713.7993,98385.63094,186101.9097,68044.93761,288587.7156,124697.9838,225077.1601,146902.1207,350578.11,224860.3989,211089.8861,105753.0113,276618.1906,224918.9711,89940.02002,519326.6848
Q02246,CNTN2,40648.41234,3061.488279,4152.066128,17015.87696,16614.25165,3152.015986,7389.192198,5808.267049,4370.423229,2187.101777,2067.098078,7133.022916,2936.183656,3087.118306,20392.57055,5141.948151,83687.13031,52387.65766,73261.85571,53107.09723,46787.16554,34915.32993,71630.69563,34506.17138,23971.87646,50899.23753,43185.61764,43167.34236,21687.52182,66882.04086,51027.1546,55123.95118
P19827,ITIH1,48831.64243,271142.9791,250809.6807,872957.9281,148283.7356,473979.1994,375174.2246,1134034.25,221893.2214,493906.091,334800.4292,655346.6179,218206.3431,305941.0651,125857.4609,325229.3989,48296.75078,43499.99245,49460.7553,33890.52065,87348.31259,175895.4319,90945.75976,75757.3217,117944.938,135304.7847,37048.20934,113283.8325,74650.91164,74384.24465,52839.96144,12636.86032
P14618,PKM,145182.6624,157298.0113,41536.07965,188253.5345,59013.55767,177849.2389,59071.81927,18192.37006,247550.727,247360.1649,41951.31119,39281.97074,89495.81119,147233.6,261731.7191,348433.6457,59019.23786,30227.00217,39767.74191,50516.03255,32343.1133,20928.48548,41254.98751,37493.55298,30264.04085,57163.65174,60070.10904,70413.20882,51428.35712,54642.1689,24100.36766,32803.05772
P00736,C1R,521635.1031,492946.9,543369.978,324595.4112,292907.4694,301524.0771,445035.1217,540012.7102,672767.916,319782.1641,223897.6383,539364.3549,492531.1634,373844.7252,1377542.947,917511.5532,321419.5129,280262.9593,276040.0889,185997.1449,291767.8068,865188.3112,412308.7894,515238.8529,660330.7075,402440.4777,667813.3054,455855.4952,645468.7914,546689.787,566826.1175,505604.453
P01034,CST3,12038788.67,3125609.698,2755981.883,1610789.736,3909560.191,1402445.496,1194299.712,1557622.446,5479165.654,1727265.97,1542352.7,1652743.515,2977353.874,1576988.854,7286311.163,3771264.412,14929519.58,13428178.82,22569932.45,7117759.172,15941481.15,21123783.45,17286861.32,16937868.53,2722189.13,20114632.19,12077267.77,10120543.85,5391358.052,29323017.62,14776983.64,4230428.949
P41218,MNDA,45985.61312,138878.5054,49692.45405,196366.4382,453701.0408,159076.969,47360.59025,41673.75026,91717.91731,219513.5195,77031.39008,156155.6364,112285.7807,128693.3077,391925.8017,172946.5424,13141.96849,7194.953229,14418.14246,11866.12019,4486.729089,22376.80694,14042.84699,31637.41682,30750.45438,24996.8386,29352.99877,40672.85026,33837.47656,21473.95354,39467.17109,42517.50691
P04004,VTN,59719.52997,442126.152,1150757.483,689212.3574,846496.6853,638613.2529,770464.7127,989174.4705,363750.899,644537.7237,499170.3574,872807.9506,429308.4495,979624.0228,162971.3564,527746.9504,61252.52717,87615.81077,69739.45837,19545.69346,120454.3521,76194.38605,131418.5812,186131.6462,49705.25652,63959.3461,77230.66127,104077.7303,176755.5426,119059.8152,147485.1503,37493.68093
P01009,SERPINA1,8283731.972,17265614.43,14381981.12,2725438.734,214872.8011,18908031.11,12029415.26,16050110.38,14072943.96,19062405.13,13152285.3,10532680.06,27021640.62,14702815.21,10494872.5,7361435.012,13481238.22,14598971.53,5099920.403,12817486,7482800.514,15077550.4,8955245.442,14821286.33,19064825.3,10141357.65,17963291.24,10790008.38,15635699.31,14248816.23,10147514.36,5284465.367
P05543,SERPINA7,55600.60885,63532.78382,35842.14782,63269.85858,45793.60267,71206.56484,45907.81365,43794.73309,103725.2163,96470.60618,33322.96995,29592.22839,66755.79131,61147.81434,47030.78238,47574.14453,56069.26892,59942.80194,46528.6656,86656.12292,30122.85584,103262.4302,75864.59178,96856.9489,104411.5027,67255.94062,74336.83212,105514.0856,87050.80431,56700.55497,80173.17064,80238.37997
P31146,CORO1A,53644.48522,261719.2797,1971965.999,245955.4753,1057874.032,100689.5805,124017.7398,72399.17657,330340.5666,280182.6749,83118.44667,106981.2132,198610.3251,182811.6175,312433.0399,518036.4852,38249.41818,42138.91404,30635.7186,17422.08109,26886.97264,31150.80496,10751.96171,58245.98998,58189.9163,75198.95768,89055.61716,76690.49319,64497.20068,58261.06951,110352.3298,42957.0305
P20774,OGN,313337.676,100625.541,85706.45811,46194.2826,16462.82744,48577.10572,33028.43022,49968.69058,106400.1639,30585.82056,45286.44995,57298.04201,122554.9383,56810.62351,181570.1386,157854.6421,245728.1798,244256.0886,257863.2017,120593.4831,264620.5481,245790.9087,300939.6976,335004.1835,97656.39783,284492.8322,319216.3784,218709.4775,121835.2213,441413.3429,361030.4527,105587.0114
P02748,C9,31916.78998,359923.394,306109.6434,319338.3154,28596.69707,422322.4374,216639.393,396644.4823,235955.9373,457129.9841,299809.256,161257.1233,139283.7966,203404.7204,180561.3596,311047.5046,42967.01095,42428.7429,43825.15866,29291.72131,41501.02708,47644.10329,41400.16906,75683.3038,25683.50821,38367.51897,35847.68103,48014.92123,56753.34851,62696.08975,60016.92501,22741.39481
P62805,HIST1H4A,650149.6908,359111.2657,1704519.702,423302.1353,382863.3172,1567753.55,664041.9129,322409.2378,1229551.222,544314.46,145741.0711,465967.5252,226092.1024,665690.2538,2682669.006,4849717.488,268623.6561,236378.1622,219110.1426,314941.1152,484139.9738,222149.556,307323.9245,168251.0706,178420.6253,135467.31,165189.1208,178250.6445,218666.8173,122906.0854,164269.5276,334615.8097
P08670,VIM,153053.4406,477530.7578,537558.2728,823082.9606,227827.6739,817409.6495,1127503.236,636588.9444,444286.9727,513326.1685,442234.9909,779242.7332,329313.7492,721532.5854,421413.4492,196468.6914,232263.158,327280.6154,252300.2393,282736.2456,209687.0126,235305.6732,160010.7178,477531.5846,231697.3673,573552.2896,184481.3268,282315.8743,548054.2476,264645.5341,287693.1727,153603.1907
P41222,PTGDS,53908385.74,19512301.31,7546645.896,5847726.232,3425320.567,4400977.237,2044398.355,4501112.759,11980946.02,3031148.385,4110479.489,5042972.329,5599160.716,5392650.3,32815085.42,20052781.45,72042033.33,57561146.49,65554228.96,44132913.61,73987699.57,71503586.73,62019524.06,62511224.75,45106411.96,78152296.85,129723065.5,82870418.11,30016861.53,97214868.21,61171722.23,47031710.13
P10451,SPP1,4110795.514,4272200.757,1115200.695,557009.368,748859.1374,1595016.906,142111.4452,1784020.496,5726669.099,1065946.674,959685.4333,741156.7695,3153799.777,4803911.258,4269774.041,6171807.648,3045725.792,1849489.927,1827545.62,1034512.495,1974740.043,2973077.815,1615946.817,2203147.888,2612311.882,4297880.73,3920826.714,3278931.478,3166302.508,4685287.815,3040662.528,3501540.429
P19652,ORM2,1889197.322,2622455.016,6298097.242,1756801.555,1713555.424,4988114.224,1477710.863,2528067.473,2849038.329,4090585.975,2255945.393,1894690.796,5889972.421,3329837.979,2131794.854,3265914.605,2942945.237,2471739.607,1784741.979,1219847.861,1814708.645,2846077.83,2532831.962,3797630.814,2336484.874,2360588.937,4306924.184,3791929.223,2123562.79,3479555.788,3184590.039,2432516.53
P61626,LYZ,848562.6506,2368131.521,2335150.306,2020554.229,16614957.83,2087916.032,640353.1447,214678.3212,4523769.757,1815895.339,616920.1129,1777413.27,1466513.016,2142521.695,2922905.448,2741770.747,163181.7351,131148.4341,97619.91237,89224.76999,107778.0389,199401.4134,113756.0582,184542.3219,98771.15874,71244.47382,134009.4246,97642.3826,353426.8018,211103.7229,117698.1707,34460.12325
P01859,IGHG2,6932788.624,19218824.57,9281761.387,18571346.85,6004547.629,13029698.55,17064197.68,33289459.24,8547989.208,10364596.24,18387682.07,28183948.17,23755767.43,14176242.1,12355045.88,15107208.74,7268707.118,9041983.629,5528464.765,6410059.328,7945721.071,18997759.43,6104299.283,12559485.12,6804935.508,11492135.2,11903260.72,11660413.91,7962651.214,6707486.219,12460107.15,8046501.421
P03952,KLKB1,11013.02253,39846.27721,46705.85656,70848.2571,62808.72827,99861.53126,76945.74488,109989.9818,53902.40249,92740.85323,74635.08033,47550.04567,64095.18768,72137.9555,34169.89414,94378.81494,16758.06609,13451.74703,16134.08458,11891.21882,35835.36725,36310.89264,23448.47711,18261.26615,23333.74481,25223.21364,17835.09291,30585.90615,25445.71677,20013.72882,46117.91868,28176.38743
P60174,TPI1,78474.13444,130340.9509,44252.26097,109489.6449,285846.0057,108722.4009,24057.88115,20831.23591,186703.5777,152570.616,14749.4263,16329.2857,31291.53278,88675.52771,149904.2135,285054.8461,55536.53763,30556.06402,59039.08885,32005.57446,24229.41052,34888.61339,49434.16987,17279.29927,14772.16934,48569.17004,62831.28987,51600.17391,56432.5192,108052.5151,36688.50494,23645.24409
P35579,MYH9,146526.517,39443.59273,6573.518643,17974.07017,460788.1475,14887.63261,10590.87192,11026.62332,96424.67863,2336.939577,936.9097792,7107.187811,10715.6038,2874.807115,72378.22904,250667.4466,108200.5375,132962.0616,121342.255,141559.7679,92371.09967,15592.89406,92654.66899,40538.64476,243587.9632,100832.375,197045.3111,117886.9586,175718.3762,120232.4813,124993.6769,207193.0597
P02652,APOA2,1265209.421,2666131.274,1637157.619,3834765.961,1272734.128,4787913.119,4898929.636,6991255.293,4734455.533,4900938.996,3529222.963,5784033.294,1618616.852,4268098.803,2517711.969,4623658.727,1763709.032,1836837.455,1331060.092,1527690.615,978936.751,868851.6936,1251929.272,2505994.413,2790027.274,4535189.106,2268262.461,5290959.256,4755041.19,2242002.653,2860053.051,1846607.045
P08311,CTSG,108855.2387,116137.3249,136674.1853,229037.3841,2473387.562,153023.2548,154550.8159,32113.87221,108408.7801,239385.0901,36147.14109,65030.25797,30372.63092,175522.0675,424885.3923,587560.8395,99261.64048,46451.73117,109754.039,131579.1469,122865.7751,23725.08643,83110.99861,27595.91655,155958.0111,40300.60401,35066.07249,35222.91222,52816.07244,12958.38707,47897.95563,174135.5043
P07358,C8B,15520.76859,68427.08515,15730.49232,68637.74414,8293.539596,153805.5916,65960.41405,108059.5227,70505.69015,132044.9052,77139.97793,116192.9828,85157.34426,99382.93936,41713.60528,65123.95792,26046.88101,17121.00951,20746.47581,7675.592522,18387.21066,38094.19843,24691.14032,45599.01098,19195.03205,19766.42729,14662.50348,25898.17032,21522.91753,34013.56946,13049.06398,56303.48045
Q9Y6R7,FCGBP,112369.3808,153812.6695,137211.2443,74339.68711,119567.3385,150229.728,1042810.759,266005.4272,182547.0141,282191.2723,123052.6194,97654.21034,149382.5027,268719.9954,129196.1373,113734.8274,192388.0305,159064.9158,87965.15582,114477.4394,156654.5785,207976.8312,207391.7654,233826.1311,226726.6711,157276.2118,218098.6202,201976.0542,214864.0072,149774.1741,152710.9329,147329.7498
Q99435,NELL2,271200.8296,41125.96064,42908.90163,31252.53888,103036.0895,34810.23433,36970.05655,16530.33984,101270.6795,41271.84215,19530.43584,22711.90033,43329.87768,25105.28165,138155.4033,86932.93946,401001.3492,206178.9971,469489.9164,249831.8476,330253.7172,375113.9169,356729.5763,315167.5762,92958.80065,276246.0431,355847.4468,236965.2398,231864.3139,589526.823,211165.0893,177987.7904
P01857,IGHG1,29730419.4,58531490.84,65368352.11,58481796.51,31111842.61,96394320.09,155387155.8,58198967.51,37023623.87,45704783.53,69673811.03,68050312.75,63818433.93,50143769.98,36342211.19,37405223.12,22774878.61,34418546.74,11862556.79,19006757.39,29972510.95,22050837.28,32260763.01,35989822.63,17379395.87,30012308.19,37244012.88,37500913.76,25476326.91,33764071.52,69288267.02,18006510.97
P51884,LUM,108972.8645,224136.0933,97195.23259,83794.02126,36619.09438,98126.69378,90082.91483,177975.3223,149086.7356,61083.21171,122732.0924,139387.1921,285191.2006,150076.7944,280182.4369,164005.1093,120442.8785,115400.2653,87416.47174,60819.11764,89118.24158,167094.9861,98086.57993,172716.5997,74714.42357,140697.0682,102227.0881,155899.7126,63393.85575,213624.1694,149751.5996,30641.05059
P00338,LDHA,6976.286679,46161.35348,16597.48005,31184.19206,63443.9978,48858.11712,9462.908486,16098.53055,231925.5155,138222.8317,20909.35569,22582.1417,85940.79216,72620.80109,147390.7849,389376.6658,6741.66496,10878.60932,10658.26345,11828.0831,11681.72584,18921.35803,17586.32469,10837.6903,13185.99764,31305.75929,15736.81061,15130.14235,18405.45219,18439.68754,9059.165605,11362.67694
P07339,CTSD,82171.67738,39770.14256,26587.94302,33195.9789,21768.59859,30804.11642,18204.20426,17933.81239,62364.93074,38586.46763,25730.96198,36469.81846,29325.06701,65176.34919,95239.92561,57257.67115,176458.0625,140164.1219,180017.6882,85400.29517,152462.1624,152315.9043,156499.2777,116047.2913,60232.44906,166251.7086,193598.8467,189993.2168,51595.15675,214853.6028,156642.753,48968.29411
P05090,APOD,2959741.135,10729160.76,3004393.563,854650.2804,1211647.921,3459623.48,3829603.08,1303230.682,5480550.789,1859944.073,1260514.442,1880079.024,6517891.553,4216065.976,7985218.826,6663448.633,4278546.082,6396514.21,4811108.03,3621882.765,4413567.534,4848904.257,3753616.15,9841680.858,2790080.054,8174475.177,7052265.846,5506983.576,3588001.415,9916128.852,5073047.025,2661555.251
P80188,LCN2,98098.36298,600803.4396,698738.5105,771015.2793,2677318.593,604724.9556,44370.78866,18009.50389,614988.6734,351170.6914,156476.159,448928.3458,46828.44829,509968.2933,890739.953,1117220.788,30818.17549,31862.709,21989.1129,38233.59063,38639.6157,19077.35437,34665.97658,41773.02214,34863.81093,24370.24857,31346.54754,27497.08206,15954.40655,39796.49273,33089.15322,23953.45472
P55058,PLTP,9558.34197,54381.06511,69947.17454,34753.08711,65110.75728,20362.57396,12989.46649,7297.654768,282359.9666,14919.89203,7391.106739,12470.73504,511442.3044,33688.3845,127602.7152,246821.0024,8193.26296,22798.95451,37332.16563,4335.02996,28621.73659,35569.43489,27654.43997,77642.64833,10287.27934,37191.06241,31342.99774,12424.49429,5882.75103,50988.91583,34057.2052,4013.044588
P02749,APOH,103093.9006,203748.2481,347215.1592,347053.9559,85573.24972,239209.3434,328555.4526,461217.9019,411184.7358,498361.8613,462231.6317,543966.6672,552471.4061,424580.9869,356860.7132,111960.2777,326074.3919,205170.8513,147080.0714,77323.11092,259966.242,347590.7702,137623.6599,362849.8679,115514.325,422202.4252,282831.4319,481418.6265,191271.1736,310037.4648,364529.4315,61288.2189
P28676,GCA,2233.344823,96.56196594,7370.467316,16317.46476,266284.8102,16921.19901,9134.371656,314.8162165,32352.34874,14322.49526,883.0162988,2754.436259,14466.7757,8496.005076,17289.27114,126003.2559,441.6690682,70.23435211,1461.521034,147.5566235,66.06346667,2489.774655,86.06197919,178.7338365,173.8155668,3378.613372,115.3321071,155.6914567,894.7304826,7851.1566,2297.004967,268.5135284
P60709,ACTB,350496.9007,1877153.85,384860.6696,1654023.044,1442591.1,1930662.977,861596.1707,238260.5049,1938983.902,1978037.069,324481.7143,325220.4847,796453.8118,2448848.667,2741479.969,3820856.471,72634.5994,58371.14311,77604.25212,67719.42704,62571.23348,92891.65232,79206.04473,89748.34892,162248.4208,115953.9352,125736.8748,118279.23,263857.0721,120935.1333,111540.3789,107540.8612
Q9UBP4,DKK3,791793.732,360279.9691,259016.1663,76986.60027,100761.1932,98493.85717,67501.20073,132794.2826,601833.2548,98654.73688,76700.91284,107933.3841,194176.8176,173018.1029,637657.8881,269366.3609,741192.594,606996.988,850577.0419,280748.9848,674532.6156,815053.4387,492442.8049,768203.9387,450057.9096,426615.9228,456760.2277,570100.1078,542038.2954,1135102.4,614489.4831,1003995.969
P07357,C8A,61899.798,161732.795,82271.46364,115672.2944,129089.5189,131118.068,100079.3139,107492.3611,98496.10336,155246.9125,132071.0949,100687.0863,122944.9069,178104.0146,137190.136,189579.962,66223.67455,52959.28838,43439.10686,72068.42349,100356.3493,69114.26129,68958.9831,89731.00615,77377.3253,136905.8533,129811.7856,143222.4498,56984.62386,91993.70422,80110.42895,21835.15723
P08697,SERPINF2,54141.3922,57647.91298,91884.0925,106593.3325,104209.3507,184619.2843,67344.89183,97403.62097,92370.82349,133025.5985,93710.16879,118723.3509,178005.3414,112409.3268,89273.20478,91955.75877,70888.93535,29687.83878,20267.81036,18258.43611,57908.66255,70776.05713,43026.53701,52655.40552,59126.45785,72748.32757,76733.21082,79340.38957,82630.34476,45988.79432,37199.13598,32829.21646
P06733,ENO1,138562.0792,392608.5152,190216.2144,848767.0899,675053.5163,528752.6478,199004.7964,71456.76171,881678.1777,761692.9266,101770.1237,162846.2312,83368.08193,461724.6407,789860.3076,1398168.074,53320.46362,76468.47674,88508.17363,62998.87816,49171.40869,72136.46209,36777.85937,74176.25491,85855.11376,225315.4332,77760.71951,108461.344,104296.407,115769.0122,73550.50527,82958.06415
O95502,NPTXR,113473.0982,35343.39247,35770.84946,76124.85969,32606.97172,15360.96506,55316.76676,49515.87687,45373.00715,29147.77726,33119.47951,86807.94086,36754.84296,34238.2765,58077.45844,61054.02017,128820.986,99550.73739,195041.3318,85392.94217,84834.7654,117949.2594,88523.28446,94130.33326,62251.19396,137084.08,194110.2777,124132.8606,89310.56471,298549.3294,94459.21956,78523.16191
P02746,C1QB,282344.894,449570.2047,501027.7295,193864.8114,333550.1639,197954.6197,152355.484,495363.4516,893864.3936,146131.6377,173816.2446,173292.5803,681884.0635,247599.3037,884246.6754,578537.1195,251575.429,264040.4529,362284.8463,182166.6912,160519.86,332528.2141,248273.4021,416070.1829,157953.9955,265189.1173,421777.3277,270920.7729,362418.0187,352174.3931,323086.0107,126627.2414
P11413,G6PD,6425.593492,13853.22742,24340.99726,51168.09494,43104.3712,37161.95575,3068.085954,13002.00577,11438.6034,25268.27128,3657.929345,4751.452802,28719.889,11298.86108,17088.05432,29002.91023,12525.81252,682.0124879,1855.900972,2804.473429,4291.648454,5804.077781,5003.062042,2958.032335,9179.028458,2709.504315,8245.438428,8461.846757,3600.557083,8257.064125,11889.83674,3434.688131
P43490,NAMPT,3282.076174,99982.41095,4272.867073,35592.08595,119017.5844,53155.91173,19711.27628,1014.226706,37114.64954,47163.88705,3438.409796,5370.451247,13304.31281,136101.868,58917.1207,99980.53735,1101.156839,0,0,24.794043,400.8043959,1804.498266,357.0803111,5484.66621,7928.831451,9043.823974,10267.72933,8819.917756,1266.644038,4638.345913,6380.989316,1195.167053
P04264,KRT1,243426.2862,7078.812739,8382.522585,10580.45368,30830.25765,5871.129852,8618.307462,12407.68354,7437.323449,8898.891456,9712.126108,7898.663623,7573.776963,22225.1674,5223.743855,6173.596881,18074.31224,12644.8061,27790.13437,26863.13389,22632.78443,7165.928863,8064.648232,9190.100652,28301.35195,33750.49353,23526.10615,12603.27791,27505.19738,12618.19412,13345.43891,39933.32283
P06732,CKM,9342.519047,18468.8415,47463.88417,12572.39416,28309.92901,11132.21726,20002.10806,5947.735931,11480.91934,29044.95053,12771.51884,11088.68806,56401.21672,10718.58549,37406.84942,22819.84709,11295.68887,1296.416908,6810.961871,5956.383845,10639.51783,10439.50258,22638.33679,14811.10999,23305.89696,21572.95842,17396.21911,14082.96543,31926.68464,18457.35083,17643.52302,19656.68708
P09871,C1S,110382.577,64364.9143,41414.89186,96128.92212,78011.43568,21787.60846,35071.37619,64522.29425,89758.23259,23668.9976,25394.6563,45831.6578,31920.93717,29753.21978,221171.9698,74265.5559,36523.22392,35117.94551,43346.72852,36242.09942,96126.90824,36165.45177,51999.35459,42873.41408,71092.46061,27565.42301,55124.31461,26740.94672,133169.6249,59076.8346,58213.44753,43767.22467
P12109,COL6A1,26517.26104,16060.47236,23878.98926,17671.5667,16862.06992,10086.89843,10643.82857,16108.29011,70560.76597,20299.1731,15557.07503,38612.83216,40158.92396,32463.16148,140965.4566,93024.58733,36354.65895,25310.83922,44792.08318,25057.59204,30717.09266,42695.49751,34909.11032,73825.7837,126911.2411,106574.1156,161159.3952,168746.0637,95930.19505,154324.9799,113087.7043,84721.87222
P52209,PGD,10498.90638,64702.81593,8723.654072,83069.28349,58796.93391,73738.70256,19877.48481,5552.872976,194586.4677,181302.7447,6242.084204,6587.103135,22438.45372,63903.8174,114926.1355,356476.7403,3816.968808,7462.243225,2312.399311,4918.85187,11820.32636,5609.051201,2504.126429,2239.100579,6764.502979,3056.009744,4209.353543,3910.156729,7360.298779,12015.42121,8577.625032,11621.67876
P02763,ORM1,4560300.448,11436305.48,21767285.07,3700937.995,9887668.608,19463316.25,8015468.329,7893017.287,13092234.04,15012114.43,7327960.935,5810342.879,20817502.8,14646740.58,8519296.641,10957655.49,7293331.226,5989572.61,5701275.166,6100412.692,6645344.066,5800595.823,9341665.286,14611755.76,4606471.231,4151887.142,10948463.37,7525133.987,9403996.181,7545251.35,7191789.176,7509495.801
Q13449,LSAMP,576938.7715,76179.68063,70134.32994,55958.89381,26867.7478,38172.52392,25344.54267,46495.94785,188099.2178,26698.04901,21285.82385,80330.28627,156582.8186,52408.23433,373224.9508,183261.5779,921589.8162,477228.4878,774668.3852,384675.8597,628530.2343,724667.4679,769759.7872,564850.812,563385.3794,576149.4217,1141554.616,718813.0048,442471.6055,1337913.159,647553.8022,734912.8578
P00734,F2,47881.21771,98880.56519,109568.51,208933.0426,43182.57734,267313.29,313627.7856,355614.6095,72090.27436,221033.0877,258314.3326,295975.7973,58742.65952,153126.4551,95349.86331,65257.31307,56303.29769,34886.39701,34019.99025,17946.36646,77878.16453,30209.41885,48924.13439,38150.92335,44508.38655,41207.06349,18299.90218,28277.12879,90842.61921,47141.85856,43595.82685,29010.28562
Q9UHG2,PCSK1N,377507.1218,117330.4441,39598.39,66881.72297,136542.0958,34762.0599,33041.91721,33708.56783,100429.9161,31062.528,23271.11641,16447.31642,117829.2929,43577.33479,152991.9314,113391.9601,279509.706,209177.3477,257243.1836,95816.77428,368591.0238,159825.5971,168443.1468,284116.1144,150871.7841,325874.0882,300215.3841,182991.5297,127749.0831,1009173.539,373321.1496,192301.3244
P13671,C6,35217.63897,29281.22002,115407.0312,205132.5032,76882.00569,213995.2293,127114.101,181501.8911,90178.6869,284895.1387,193916.9694,273676.2395,87008.81889,128522.2959,128581.0577,79582.75936,20441.55866,30174.50142,29990.70587,24082.19419,51139.20943,30563.68153,24664.69072,81227.54429,101164.2237,101520.304,73762.12237,55852.70691,77694.45685,38989.31872,38452.54045,65904.59971
P27169,PON1,50256.6138,114989.6504,126235.8715,551755.8885,53229.79985,636974.2339,425746.1506,661616.0873,225831.5917,387272.9082,249842.4448,438122.2534,123696.1198,368260.3832,87211.09343,208409.1493,54557.89293,60488.37743,60469.23447,23561.98141,54129.61605,136070.451,61391.41395,109670.0825,60240.39404,79634.16999,27030.67363,136417.6865,123741.7338,43797.04584,63371.47334,20632.20474
P01042,KNG1,258108.5108,730922.5956,1057082.695,1303797.435,158855.1886,1433691.309,1492213.685,1701243.028,1106880.863,1760513.06,1012637.26,2040724.55,1509913.985,1193999.056,647134.7379,824545.9795,324084.8659,246346.6184,328794.8808,122210.0452,442301.4953,746024.2208,443520.7759,780828.8641,109718.931,547499.3501,254067.9501,430878.1309,312556.1124,701465.6696,598664.3115,56530.02128
P17213,BPI,7445.736042,1422.129947,20924.91708,6278.713522,743186.0991,16091.44747,7133.693776,294.9658705,1668.735197,12144.82965,562.5312277,4921.774352,962.0880579,9472.031824,39429.07431,26592.49999,3149.329561,3115.063941,3368.634021,6729.904155,6537.70979,872.8280216,5806.644492,2402.907649,3654.568248,3867.506259,9831.741434,8398.879853,4240.304087,10705.27386,10388.17247,4531.310576
P37837,TALDO1,13807.13041,62700.8335,12308.96108,65969.19247,342422.3436,67910.63108,13156.5491,6147.916741,112193.4778,74871.68418,11084.59013,7881.573087,51072.7743,38313.60134,85832.45576,204942.1738,3619.028244,6059.841784,7131.722282,7345.395845,8192.295704,5215.106714,4070.306153,4299.761636,14752.97809,9144.415038,6527.38085,10365.20286,9683.804928,18768.29583,5507.404033,9254.124866
P16401,HIST1H1B,51820.38708,98459.55313,52408.08409,166436.05,74381.65653,143530.3951,90881.97484,32626.82437,235491.3871,141058.628,20864.76059,25468.07685,55053.2757,64100.96207,302657.5713,363536.119,5726.026724,10179.58104,4623.74023,9170.621258,10199.5372,11523.42946,9396.087798,20170.20718,29595.29122,12959.40555,12227.31525,9922.117896,27252.0787,8489.821547,8687.962182,26319.6893
P08123,COL1A2,13964.58753,21611.38062,12868.11829,13195.39135,24215.39344,7062.504218,1590.789339,3905.103315,9289.834343,546.912146,1296.372636,1697.50921,7233.806728,4255.026458,30126.42637,31337.50541,30175.23785,18514.99224,21287.85167,5736.807345,16385.43671,5005.233793,10993.92308,28133.56165,2989.241118,19541.15581,14707.90492,16934.10322,4092.419154,32795.74839,15551.61277,11035.31844
P05546,SERPIND1,1082.124303,10321.83846,23154.50646,41215.55295,48486.59741,26701.55347,46151.05047,160887.7967,88652.22886,45272.57632,52165.39391,46610.06154,23938.32925,41302.72572,25873.88037,40920.78498,756.9108624,781.1650848,3253.595612,1912.171235,5079.939583,11044.32628,8431.516611,18303.92639,1924.312341,13912.96066,4990.643879,6757.854159,10122.71613,6038.251352,11017.42836,8184.972279
P68871,HBB,2238245.13,1727352.641,2613030.555,3259869.068,8427660.228,3404525.916,915095.1358,39477631.46,2129141.723,1552791.596,552137.6645,626852.8906,869237.3772,975434.5117,2403251.639,2746330.833,1417429.224,1380617.933,55286908.9,655137.778,2396879.909,4758910.783,18868867.82,1041924.257,1129317.345,89973084.3,7290520.372,22589171.32,37117170.95,74463578.59,34827728.97,918062.5477
O75326,SEMA7A,29820.8831,4098.946784,736.5507195,3588.842198,2328.309103,485.6229023,11618.38407,44.25527409,600.2366193,622.6241168,1730.724452,1756.346025,1314.748287,1081.245706,8302.869732,559.3678406,45494.28979,19993.3546,36089.47602,21803.64229,10428.59482,29791.59316,29822.45807,14530.87233,5457.095415,20773.19882,33925.6223,18232.39507,20768.0977,42770.86705,16139.42413,24119.03568
P02766,TTR,4808014.542,2176080.864,2664622.412,1513106.518,1089475.474,1410682.455,1519737.908,1218265.16,2137689.105,1637894.487,731848.9924,1164302.042,1024146.324,1740093.098,5451025.539,1387947.471,4038725.632,5843840.667,6820920.335,4610994.151,8645109.863,1932564.821,5167726.086,4621289.721,3737639.198,5002993.941,4861017.659,5157325.844,2112687.866,4285640.57,5299735.756,2280454.968
Q92520,FAM3C,309053.6344,67378.69918,41364.71484,48470.69282,90230.56508,51985.56537,23395.78158,41951.17827,92554.40002,45515.15512,45456.89518,53609.02187,136063.8712,56213.879,265081.9557,174619.58,409712.8281,262998.218,578651.0879,288860.8577,294727.5656,535118.1714,511140.9357,336560.0065,283667.4314,519510.8987,488291.8756,355894.4075,212998.5526,1060367.288,352032.4804,278224.9928
P04003,C4BPA,58378.08741,154856.065,246668.264,269275.1367,101213.9595,467072.9881,399072.8254,541935.8428,147362.1732,376716.0538,297742.1069,277357.5163,154322.6333,334418.9935,65428.04484,138236.5041,68603.51815,90807.0854,91478.24688,83203.02035,55287.31974,80407.42231,73172.91806,64847.96785,78269.56072,76781.8904,71312.96157,44410.69744,29480.77679,39344.63117,43045.01546,38007.62501
P08294,SOD3,196411.9542,72559.57965,37862.95625,26266.71219,69535.41715,44316.72827,12974.90686,20602.95346,89080.13094,39408.86499,20395.52115,27061.32027,32381.3049,57011.10892,90553.50822,88878.19872,533226.683,163707.4295,114814.179,159129.429,92947.86147,93421.99231,138022.6942,121123.8412,251064.8713,93363.68437,193886.622,102226.9345,151177.9756,287828.3472,249183.8528,389680.5195
P78509,RELN,64018.50595,22375.67471,22889.94632,37683.55127,52155.86278,182367.3118,13185.51043,55722.63667,60954.27456,25104.96003,21957.21349,63028.68409,38436.16693,39991.61264,24710.06599,16613.65156,80400.59764,26763.86706,35176.94955,19901.30607,124088.6036,68900.4594,39312.4279,131489.4142,85472.35167,76004.39194,48141.38353,25908.30989,75259.90044,79036.83134,117725.7597,33766.07609
Q16610,ECM1,53514.41913,33451.29865,19231.00927,56671.14943,38663.64114,66682.85891,7963.160663,19897.52776,34244.24454,11456.55503,49539.17406,38982.52814,36914.97075,19798.84137,40570.5835,58529.10631,88949.32831,41091.34164,59844.56577,23842.96815,53439.90181,90507.63357,61676.48246,57913.69526,51504.40765,80263.39684,99069.95435,81650.7406,37928.21311,132395.4277,152688.7727,23447.70617
P16035,TIMP2,45542.10567,22797.54066,25856.118,6695.220331,43398.23563,12123.63492,4626.169574,2368.175353,47970.73943,9071.568645,7941.539635,14328.43888,19628.08984,20225.45612,60135.92199,35773.17726,49560.42569,42950.31601,43288.9137,22009.12008,64007.36789,45053.93551,71080.88367,69570.03741,20744.09751,62189.39979,54530.19409,67058.13509,18116.16749,117647.0436,77683.00223,9057.269032
P19021,PAM,36249.05469,15035.54437,4728.891356,2901.983598,8377.658976,907.5569262,1905.323439,12283.56418,16302.75886,2757.947585,5496.474027,4857.385936,17295.39385,7765.084493,33449.36779,76132.28476,55406.46774,28316.644,94388.05282,20589.03558,48554.0887,66360.62635,48704.69099,50899.4336,16668.57973,59073.26691,69516.41121,51095.65498,25870.53377,147260.9123,48645.60777,21055.96516
P02765,AHSG,417323.1074,2044544.999,502446.2054,1980787.505,1196355.007,2012234.294,2253366.144,3277186.873,1649714.666,2324131.683,2718884.551,4679783.29,1312091.591,3554859.915,1091968.662,1280569.354,825628.5993,744662.2674,447506.7904,273500.7362,1009220.187,1900711.395,772624.0012,1459299.492,491235.8576,1669662.623,510968.0967,1070254.933,608974.7768,476818.1607,1066045.189,252923.5353
P29622,SERPINA4,23056.88562,38528.64764,8302.287434,17338.04903,3131.563696,24060.5055,15269.82643,31790.86495,20844.22842,27186.53894,25048.86002,8567.007307,28569.27023,25894.51761,38397.38111,42553.59047,32812.96596,31118.56938,20272.79811,30974.13614,21801.79227,80080.77737,22991.12481,24113.37616,9537.241605,38807.16215,20707.52937,31284.78656,20600.78224,21499.77132,29237.64608,27775.04715
Q96S96,PEBP4,176739.0613,25474.66875,12028.50277,8855.075725,16729.73495,20112.79052,8825.841052,14539.42688,40254.63875,21078.53249,9486.162494,13735.71981,19142.47257,10636.85545,69562.5033,26400.16965,325349.4625,283784.6821,327159.2754,225062.9166,221143.3504,149416.0308,314961.7776,98504.5861,312639.0231,192201.671,352143.5722,239232.0916,330738.9606,247487.3701,308704.5842,463664.0512
P80723,BASP1,50892.39197,72490.62942,34748.03093,40276.79926,378853.1249,69883.75853,14133.3571,29445.74662,230834.1621,128885.9422,14382.99071,14169.91994,114954.6152,47479.42056,139273.9859,373265.1339,67314.64527,18471.40337,48912.18003,105485.4416,35558.80434,207092.5279,53580.3669,29418.84388,39341.32852,78389.49923,85931.82501,52953.60876,42389.46898,135843.139,37598.48252,71771.15234
O15394,NCAM2,68160.50069,24121.48687,9988.455455,16072.48862,38735.40662,21943.86607,13944.34118,13774.11998,35683.42089,9818.983178,10459.56969,10336.38534,20662.44438,10628.01274,31302.53294,31002.82104,66282.60145,79122.97545,113285.8617,79755.88159,52808.42779,93007.41947,71627.5637,69046.89094,25475.68172,58033.12311,83169.32761,66609.37097,53843.78026,166829.8738,71413.93197,68003.77546
A0A096LPE2,SAA2-SAA4,127438.203,349162.0001,249826.456,738337.2688,144412.6174,688345.9643,644304.9586,564863.8246,402608.6851,757414.6384,777244.7401,456292.6334,284659.1826,481122.5218,222528.7648,559692.1235,233192.864,196237.9966,285807.2785,101220.1565,138654.3172,304405.7018,315298.2468,334441.1241,226164.4843,334098.1773,425763.1736,448507.6087,211904.3496,400523.6828,298856.6573,192851.9228
P09211,GSTP1,46635.54317,232901.0371,61306.25096,334878.006,85476.73464,235406.4674,80117.56253,33555.05303,315566.7558,345438.9448,37633.98965,66664.24428,84566.08864,209588.4497,272630.2357,568239.6732,21327.12876,32046.49069,15490.17926,20847.38424,18903.87685,32006.94838,24489.46626,16942.90237,49653.64548,11377.04886,9613.826931,16115.00777,27436.17318,31775.9689,13325.73471,83609.64169
P52565,ARHGDIA,12039.55061,26064.75884,24390.16398,92654.76075,522373.6888,64489.16934,23918.96667,12744.3662,100396.8736,74991.81604,11992.92716,14203.41222,31669.04136,52361.94842,94681.49438,111622.5009,8640.029981,4425.261578,6751.803542,1031.40884,5156.641025,4531.400192,8153.56091,6436.344764,5384.061617,10650.29454,5897.910741,4961.462181,1615.794515,23922.96154,11245.78096,6574.199999
P18206,VCL,3729.628069,15858.99396,3047.549225,29076.06047,89551.11226,11211.23231,6614.809546,1747.90606,33083.92849,27907.09304,1969.706605,4296.690782,17638.14755,13733.20651,22625.17504,55471.24433,351.0555467,1005.38476,1697.729265,702.4174055,727.3399798,930.313998,292.7907142,121.9909719,2151.108136,0.603860888,395.755095,1004.020018,299.9602635,1329.774802,394.9350005,1424.065951
P13521,SCG2,28451.51727,16858.22682,14542.0878,18375.24293,46141.3287,21610.10824,6899.623787,25555.02071,14894.27696,8326.615326,19131.6685,34289.20992,11794.2867,20519.32393,35062.28087,26310.63266,17400.80509,7849.889181,41191.10391,8012.732757,26931.50754,55687.82795,9977.642853,25073.07086,54033.66581,26060.73356,26822.55118,14144.48678,20437.31852,157997.9499,40128.26399,50284.55717
Q14118,DAG1,28185.94405,24020.05198,15536.64621,18630.09881,20080.09976,8958.421994,6542.707699,19184.57809,34517.70948,17938.09441,38400.91798,22690.86514,49780.71563,40299.85697,46581.43003,50148.9855,50620.26869,33051.02891,55548.89949,13092.52892,42953.76852,135601.8917,48396.66165,84712.80612,23887.74482,125792.1817,41620.16332,54336.18273,6745.910324,130783.6617,63299.82686,14999.83614
P54764,EPHA4,112282.7421,3734.172513,16437.50335,9488.79683,3567.158503,7563.333583,8295.612007,6677.433246,18555.87299,4717.120131,5838.67268,11568.81663,6694.526569,9339.829319,52835.86493,19952.3063,177466.0553,39393.77921,199467.5974,55831.40427,119101.5825,138383.6531,161341.582,80496.99812,20902.2739,72326.86292,123714.7629,55231.52345,60963.22334,243863.2713,43597.62465,51379.26303
P07195,LDHB,41517.35759,67741.27518,34496.7637,22232.23759,45468.8908,30565.97082,13027.60497,21280.31476,114032.8922,51293.30147,28348.80381,18054.82904,36294.72599,52298.98057,95288.37769,118595.2604,41016.50357,18343.18726,36530.36412,20285.6856,31540.19717,25008.22529,33154.01712,31281.17029,38629.07101,47197.16719,80338.43134,38688.91867,98413.7314,39322.65475,22675.44445,90640.1847
P43121,MCAM,142056.4977,12617.20723,11631.64081,13806.30004,39142.99747,22259.07045,16967.54756,20375.16247,28173.50117,24204.888,5746.457677,6563.342904,18824.19041,3469.317432,33890.61949,4485.396121,162456.5213,125717.1943,159219.0952,64131.28013,117261.7706,106922.1961,133810.659,92344.263,93683.29819,79032.26912,148691.5178,54674.08672,100257.6211,116351.4228,82519.71166,109001.7043
Q12805,EFEMP1,21302.77677,11614.8717,6371.47233,6942.522986,31862.66923,17047.83545,3993.807861,3389.861012,46382.1494,24069.09329,3420.188246,4972.24642,46899.22316,15926.14483,85195.8461,52888.45959,33320.34081,32618.1273,66417.7763,12028.17389,30305.98387,37941.2001,78038.60438,52846.33996,4809.371451,118015.4856,65922.79172,55842.96834,11031.17717,94728.57506,96682.81401,63559.94886
P07333,CSF1R,244587.2131,133760.6777,94500.0849,95782.24619,33542.4459,49809.28955,32223.21354,38567.2858,118451.9187,41340.6202,31278.93051,71282.44594,245523.9482,67349.2027,246318.3141,96957.54243,196946.3764,107996.4545,187814.1071,117640.4595,136998.3838,167593.7162,264745.228,165818.5979,133416.9535,139711.846,298896.3972,188235.0066,137583.0434,238254.6448,135685.1986,99176.74555
Q13740,ALCAM,51050.11514,3416.908451,3781.258538,2653.149704,20736.47207,670.3233438,1650.379267,11913.91268,8532.443595,1496.363802,1246.598419,606.5329478,2057.234241,2863.057543,14967.36281,7219.248166,52244.76786,29754.5801,69630.63201,35503.19685,47676.48084,50019.61525,63161.52259,37167.57996,13548.17769,31979.70906,54384.43027,38940.74548,22364.57501,89515.77513,46547.69228,29314.67659
P19022,CDH2,61977.90574,16886.57603,5025.098655,8299.038342,465964.6646,4440.228174,5265.057943,5636.968482,16343.5847,21791.02141,4523.542495,2497.739859,10694.98726,23323.40035,65465.60935,22544.63423,110399.6037,48513.68718,101543.5065,5229.472443,143719.8799,101957.4233,70913.52279,119450.8596,7613.101365,105147.8352,54867.126,64675.17788,9682.844622,245312.6909,136572.6057,16875.61469
Q9BQE3,TUBA1C,26746.93042,28607.45884,22360.52414,20666.23795,109296.3686,14642.03492,16384.41939,12507.30445,23044.65495,18988.04178,18109.24353,12015.82068,12605.58442,33756.92813,43324.73935,23158.54836,30054.18237,24290.58095,34169.04453,38144.19873,25775.99064,19114.61135,20244.73054,13802.34322,36631.80824,15720.18881,15995.40246,17652.75589,25866.02766,16949.06586,23533.10936,37798.60317
Q6UX06,OLFM4,5749.45779,9611.182704,19830.92693,31852.61613,268835.5176,13063.67185,9285.147892,21944.9044,28165.03244,16682.2075,13932.96486,13336.75823,31647.02683,17575.66512,15194.61811,38029.49431,9462.254536,4097.154962,4428.786701,3344.968731,4955.940747,7803.392471,6763.441858,8994.912295,14551.05522,11309.70843,13581.23857,10288.42778,10071.53483,11142.86711,6942.288245,11175.64646
P00738,HP,1.206243254,7588.571393,0,0,28960.39222,0,4858.548687,11900.81617,111790.6692,129589.4529,93406.30781,64184.98985,141421.4602,85518.19219,72867.3596,26528.93479,6629.295458,7369.127944,0,0,3873.208758,44.43944383,0,9190.330716,56260.47164,8125.00066,13528.75375,11094.14025,43767.87942,17009.70493,1531.41522,2685.627338
Q92823,NRCAM,212358.7563,71444.12281,17503.56637,3612.551044,3456.91246,18505.82636,18976.90132,30208.79328,41045.45704,12150.58808,16309.68662,5975.573728,36467.9417,34845.70045,192757.0041,100201.0918,244574.8083,161859.0232,660112.2908,149638.6012,204110.4263,541622.0136,414870.6866,227742.299,55514.28092,240548.6085,342698.9257,167170.4256,91459.61866,799974.7895,252852.2372,78534.06329
Q6P4A8,PLBD1,19311.07957,26540.43009,13840.90873,41451.84644,67981.55507,39731.66126,42584.48066,39554.30098,25624.57854,44939.7769,56038.07629,27067.06219,17109.67542,49137.88379,36707.28842,53550.0065,20667.04313,5120.126249,12780.90309,11958.294,10568.32524,28272.02623,15843.48095,21517.56072,29686.99463,35155.1981,37637.27566,28837.63563,27596.51715,36240.13405,35469.33802,42126.55231
P24158,PRTN3,5883689.106,8943254.52,4956978.886,10874818.03,10436762.74,8609876.256,8050745.545,9441964.992,7803694.807,13995450.09,16174608.22,12785083.76,13606815.61,10699869.98,8397221.271,8640535.671,3862256.282,9833366.903,6510604.925,7612925.2,9195019.735,11022780.21,5263911.369,10204787.7,17252961.2,14271884.98,11097060.21,8282344.362,14304006.61,4115742.628,8791627.605,6128211.988
Q5VTE0,EEF1A1P5,41297.18133,39210.09699,22738.36483,39205.85322,27186.48196,49201.07062,14200.29142,47599.55819,21205.12515,54794.5276,31318.41988,23144.16521,33531.37649,25627.43436,36913.94569,21241.43449,11723.19803,19414.11137,17192.14081,19267.40295,12781.06113,11143.65594,9751.255029,10587.1545,17322.93533,12172.85666,15591.5077,15607.03939,10024.1605,11406.45672,11170.73387,6986.261854
P18669,PGAM1,65874.74547,170126.046,41309.48882,136785.9427,245357.0172,95102.17694,33794.74059,29830.05073,203789.9337,172244.0036,49288.77449,19365.73648,187027.6235,122190.3728,91476.48695,162858.5563,57194.12758,44295.84668,48878.93121,60150.01607,39517.08154,27045.28174,24181.5112,20429.58503,37447.82526,25723.38921,43040.627,41503.54511,65774.22322,44519.6335,58959.1533,111094.3462
Q96PD5,PGLYRP2,5464.793338,4304.89077,16138.25726,88508.26179,53210.46426,77260.15884,71298.56344,74656.29897,43794.68385,55734.0596,47587.3206,67517.83672,17675.86459,45280.63636,11478.02695,10439.43195,5506.710039,12876.90165,9775.837465,4846.528375,20212.47999,61514.79551,27942.29643,41675.2248,445.3684896,9343.77847,2074.285202,11671.30365,5775.292155,12481.78719,10221.6706,1921.80111
P22894,MMP8,49268.66371,123542.1952,106583.9553,204390.2105,155206.3584,177018.4841,93987.61747,12774.24417,48911.34173,257412.1301,71970.75939,189053.4577,27349.579,159507.5645,82769.58954,106084.5652,22547.34146,27643.85988,23565.29209,20346.77707,30580.18679,40136.59998,38346.42836,8312.97669,14291.2314,6690.073279,11024.70749,6485.173501,5667.702464,8099.732166,7407.889863,20946.535
P06681,C2,31597.5964,47580.51167,39075.75068,47162.83107,24863.15556,58498.64376,59458.75346,49400.38912,65499.59865,57649.49311,32666.07218,67419.10838,122186.882,39441.58032,63677.88242,59860.80187,40021.97222,13973.87433,28928.28909,16494.95848,32112.95447,63534.50867,37402.374,55051.99768,34243.56003,36361.61115,41086.26866,49410.80392,42009.12429,45403.43953,29966.12115,13850.18119
P01700,IGLV1-47,106680.8818,424831.623,371350.3764,535596.9097,239258.8533,480058.1861,334946.5112,779250.5743,218791.4351,404042.1706,541136.3423,656830.0218,1040904.997,417901.725,259569.018,321842.2704,212576.6992,192961.8074,175031.1475,163661.3304,232609.7764,498163.5674,227655.7847,268106.3836,213234.6927,235784.208,195242.911,227499.1718,257098.6104,241630.323,267201.6182,198568.38
P07225,PROS1,17348.76101,46569.75767,36863.72611,23014.68548,60276.50458,33224.19361,68754.60818,54978.59902,43565.38782,54145.16716,51478.6729,26902.93964,58499.54003,54729.55232,98738.84943,62732.70363,47757.44647,43136.38696,36504.61385,14717.78302,25359.74061,25555.6299,32868.95529,49212.07058,48434.2178,74839.82011,50494.82242,57150.4396,18489.07575,71973.46617,74334.07325,4684.399648
P09960,LTA4H,8433.861826,28587.59624,4696.442243,17771.40708,46376.71846,34206.78888,10584.32152,4618.558895,53647.75076,26317.76158,12297.47683,15749.30251,24738.05341,16432.88043,23558.1939,66207.93295,2481.123195,3204.848954,1158.584433,413.0247367,6235.125221,3825.103387,463.3350976,1271.087331,4961.055466,2895.493174,1087.074684,364.6129317,1851.781691,161.1319169,521.9911242,1546.728038
P00915,CA1,7738.616602,9896.289643,8824.617801,71006.87322,407083.2857,38682.9931,14929.0184,238735.1683,17142.71499,30871.21252,17393.64434,14490.11256,9285.037403,12651.81963,27593.24495,26222.48657,4126.123919,7403.60563,191220.0721,6466.365767,4740.169462,8900.9558,73808.63036,2400.166682,10401.94028,193616.1853,13566.3855,31498.08839,78229.2317,196249.4008,120074.1981,11619.38932
P07737,PFN1,173185.6435,996318.9607,291395.2801,1533533.072,3663039.055,1061878.291,285811.5518,62860.04309,865403.755,1121492.123,121466.6745,160313.1369,333384.4652,701572.9743,739370.3207,1271321.474,54638.97974,76095.79007,33218.19817,55666.1693,82429.5867,28685.39721,57557.38282,40957.02043,89547.92689,19845.36958,55200.75343,44277.21359,95066.43166,41454.01659,52523.12303,136464.4028
P17900,GM2A,365001.0807,237018.2655,244447.9329,291169.3464,171129.1379,226418.7325,390862.6515,254079.7007,414083.069,333855.8675,335766.5435,412676.7603,315020.6622,362570.9173,563889.1401,342780.0314,433836.991,576674.7884,344169.7219,343513.0215,670180.7218,563080.8399,500910.2804,402561.5113,808011.7789,538264.2042,685380.1451,460484.6393,528379.5212,939117.8789,728561.1167,602629.4069
P13611,VCAN,5085.014185,72265.06332,5100.605278,1888.386087,27168.47167,10866.85215,6095.617126,8899.749467,40295.14599,8255.847574,7347.14467,10995.24802,14528.09021,33118.38609,53159.38198,32351.90238,3513.726759,2365.587411,5066.108476,1458.845292,2168.225365,5729.502058,2450.276815,2927.472588,659.3044776,2678.746042,6727.35231,1560.292214,4991.496938,3535.823466,1642.718687,1705.80125
P12814,ACTN1,23112.96048,44463.35523,31373.19426,54821.9801,139583.8695,45068.02087,21216.85059,38121.57782,83566.54071,36596.15325,23223.36618,43466.94635,27137.38466,40548.87375,46031.32948,121844.6272,15572.12192,32369.02543,8988.160352,18020.8836,25602.54267,13205.38258,28088.26929,21351.83172,23895.85381,29989.64262,18703.10111,12373.18987,15027.2076,26179.02342,20311.67612,25338.58033
P01876,IGHA1,4259620.624,4499726.349,6975851.358,8208557.514,6505441.164,11902616.47,4493915.139,15202652.99,16109659,4136818.305,9593116.497,19334899.62,24497715.79,7400072.467,6604436.367,4618651.838,3781444.949,3284020.558,3085495.962,3308668.234,2937268.558,6970451.906,3782152.623,8364302.086,2829744.421,5070449.319,2902744.138,5390368.86,3732001.33,2572917.872,4832684.327,3633877.485
P02747,C1QC,393611.7243,616687.7464,648575.9857,229813.2527,300338.6893,273288.1572,301732.674,658329.9078,1139214.798,188108.1494,247895.2419,250686.2386,1056655.064,426303.1889,881666.3212,942403.5648,328704.6321,356928.6056,440742.0025,251739.5993,290479.7297,374821.8089,481787.8251,493946.3275,287117.6033,268030.6903,486708.2381,305028.5303,598942.4528,372208.0235,334111.0895,153267.2557
O43505,B4GAT1,159407.8457,95000.90892,51035.53419,37362.87876,132509.1822,129970.7572,61817.62446,87467.32961,203310.759,74462.98901,109131.6873,56205.9442,124667.9028,135917.3006,286916.3106,155016.148,326163.9773,160614.8439,306432.0339,61308.01587,175242.0614,243425.073,230665.4783,389594.974,201108.0264,405210.5776,481056.9868,318583.5961,212430.0364,1222839.128,404325.8465,120254.3896
P84243,H3-3B,176272.6808,94868.373,551296.3301,103962.641,231797.1926,703218.9462,252699.7817,104965.1281,519550.7671,244580.2517,44002.32127,146602.2688,96540.82903,255142.6056,673653.7917,2179848.396,22859.91683,14039.99778,24213.07564,16404.85341,17897.71187,33948.47736,13019.4822,19890.16232,24713.58875,25356.07227,33449.67866,20865.11631,56972.51582,27298.76133,23412.4549,19125.08179
P23284,PPIB,16205.76279,3387.98792,495.597251,3279.127079,35616.99642,7157.124685,680.6795962,1233.483934,8947.852825,8210.821481,149.679292,1646.442818,700.5278972,5085.423672,19168.04762,9967.033052,6119.039427,6397.428015,12107.35402,10386.50081,6784.711237,7115.970615,11274.26227,5900.28839,2931.785869,9530.039829,10655.27617,10013.10777,10132.70706,18424.46106,4949.304688,2874.032183
P05155,SERPING1,109161.8781,344467.7068,235575.1733,120675.9693,39869.32267,396865.7523,169019.4833,331371.4122,402806.377,277492.1655,338445.7563,156888.0932,875161.0512,385055.7545,218895.6174,389841.1365,377874.2031,178343.5148,215043.1697,129539.1199,513015.9528,718174.0214,165434.0122,310414.9912,168988.9448,141226.2733,254731.1284,258590.1366,324320.2784,358424.0897,238632.2492,59715.3638
P61158,ACTR3,78.52344939,4803.710701,927.8531864,5098.966125,8805.749708,3349.61391,2034.470485,111.4376542,3563.727419,5097.144234,37.25216881,71.96532539,76.35829583,2914.370282,7234.982047,15770.17715,0.070386051,0,0,33.52140497,50.37334073,0,14.88636482,0.107164417,79.48150091,0,366.8365614,16.39044099,135.9211678,11.27044939,34.51050623,213.4408545
P02760,AMBP,85213.53489,244490.0926,563783.8491,356397.7899,191029.0148,319754.1439,158750.9863,426410.7597,231524.4393,278701.6074,188345.3932,503654.3695,606960.1412,216988.7762,145284.6005,328465.7648,131917.6055,125128.8885,88430.60788,63826.97783,90047.79811,388754.4778,164611.7143,220412.6135,110628.5608,189464.0826,111588.0462,237949.4234,155995.6113,173459.937,179942.7132,29583.40251
O43707,ACTN4,13708.90206,17141.14288,30446.74853,38707.27739,125469.9633,36651.94119,71785.00363,19549.68422,67787.46901,53675.96315,24968.53623,19999.79186,9002.628096,59544.10368,55576.05308,77366.00655,12400.86511,10838.95362,7073.560574,7123.212173,14594.45528,12425.55456,8579.915474,13492.92252,28598.46574,9731.531857,15341.47251,11330.75682,3300.528101,9438.527367,10222.2546,12592.15417
P61916,NPC2,194400.1858,57232.85571,22577.31761,112535.1756,488311.6294,188439.9631,105968.4362,60299.4199,167291.45,33686.25799,19493.19601,192617.1636,91387.91841,32114.24053,129191.0563,113817.2091,285011.9511,210914.7691,227861.4013,135959.9478,211318.2317,230721.0152,220525.6481,214097.9498,145425.2364,165045.6973,196022.6727,226993.9235,102686.8209,341121.8125,214882.7636,87068.79942
O75083,WDR1,264.6627087,9219.22497,1101.30144,2542.766654,19133.87851,4701.837068,693.4553516,716.5550132,4169.644801,1536.749075,233.1084935,705.1838348,620.8409981,5036.215988,9101.0237,9308.439194,261.9708019,121.9275452,1192.701786,88.87454617,0.872675364,38.23547769,2.836844113,244.0753197,9.906680156,114.4411001,79.7719007,84.17614003,69.19792862,85.29191791,183.3687934,1.980125333
Q9Y4C0,NRXN3,22501.12039,1079.817189,386.5213376,28300.54047,9923.425293,2070.662406,2944.772164,910.2175457,12853.69833,4022.180444,3415.22644,4207.846763,1554.801296,6186.371725,19493.75615,3912.629663,37354.0887,20716.8672,61536.47334,13648.22311,30735.06839,44228.85462,28157.68067,30919.69729,2697.408087,42180.68901,34930.93874,20095.88302,13982.1333,68973.49326,20031.5998,7671.950602
P0CG47,UBB,623224.9423,339936.9022,273751.3889,224139.39,1763380.342,372656.3934,73615.01402,206436.4746,696666.7053,293510.7985,165164.699,75936.38906,494220.9276,199507.6804,583996.3252,489053.206,695823.4074,513700.4358,1010091.05,431474.9283,716900.3452,774487.5912,793423.2739,544497.1668,290808.8084,520661.6653,707028.3518,482074.0149,360885.696,1069230.945,576355.0254,555871.4149
P22352,GPX3,4989563.428,1801753.13,493805.6588,351961.8903,397099.933,498253.7264,227037.3551,491493.0329,1312452.719,298251.2376,277020.9459,258258.485,555273.609,439385.8914,986452.6606,575176.4358,4482919.439,4945137.125,4050566.973,4467252.397,5481133.171,1349147.38,4509230.455,2112764.881,4183693.196,2367294.351,3720141.424,2971614.43,3806785.603,2682937.916,3294270.713,5971048.87
P00918,CA2,4253.975752,3652.294498,5082.865535,32848.1269,55924.5186,18983.69184,7590.356342,54613.44633,4820.77838,3071.751602,6253.721067,15385.23791,5047.598169,1332.041427,8860.179266,9755.081163,956.6909548,750.8600273,59357.73831,1883.231275,3626.956572,6989.063152,18726.84806,3970.754249,13457.39014,77974.69372,6886.961895,19361.75732,53964.7096,94966.83642,41595.48108,27729.6053
P78417,GSTO1,2746.520101,25939.95501,7517.687616,49272.39411,184702.631,34578.41692,10333.30797,5869.415033,63337.15516,48755.98982,273.0287307,5343.348523,37849.48209,32228.21811,54950.72931,106792.7869,965.7279855,1339.902612,3646.841482,463.870224,336.4685008,399.3869629,1296.02931,154.0323259,3716.409294,3133.647537,531.8759257,862.6346029,3154.354727,5566.149795,748.9071706,10.23523517
P98160,HSPG2,45521.13289,41733.62387,28534.57205,21482.72138,68301.40274,35618.56022,13069.08732,17959.69769,76824.42671,30235.90859,25770.23487,39625.20736,58972.98613,41615.51282,83296.16466,75916.93383,43968.58139,44804.63195,58056.21339,43396.40227,44746.487,50683.17126,53742.01018,71365.4594,75196.95048,57390.61144,78021.49072,66393.74318,51470.67225,69632.52856,43304.93167,25623.14519
P13929,ENO3,838.3094472,882.8259413,1139.322656,1438.58893,1990.104457,4281.189496,8783.062071,3622.41154,4601.229186,2353.884195,1262.222471,3375.932672,524.3427394,416.5011458,791.3520684,2781.386741,455.0152934,558.9204004,135.3026783,3040.09353,471.1192556,625.1567863,1773.497544,1890.513099,230.1430209,347.9557823,1582.44616,885.3242081,2338.652862,1508.247778,4763.704523,87.89289367
P23528,CFL1,29419.58249,99731.22006,39006.45,233340.8536,51140.19377,110050.1195,46833.31554,12395.12731,111215.2699,156983.0372,6003.907322,8276.433624,21141.755,108063.5144,175461.1726,320870.0404,8580.014328,12744.79572,11973.07349,6674.24973,13537.11856,7811.190055,8377.507306,11468.66479,21487.69004,15359.94419,12276.50881,15342.98885,19633.4613,22396.05885,24436.67226,12668.86006
P08185,SERPINA6,440482.7504,279281.4297,158698.9265,220266.8271,79558.97279,281938.8192,150321.5671,249155.4378,256016.2877,252496.2292,188944.5011,143009.4655,496227.6144,215279.5544,248032.1151,253327.853,422123.9458,434819.884,380436.6578,476963.2352,415492.5108,297747.18,347597.9367,394845.0301,535720.807,455695.0136,550515.0657,401353.7043,655228.1516,339815.97,480311.2913,758101.8659
P02654,APOC1,141378.4088,294472.1742,278823.324,691408.5709,234595.3275,892200.0445,902761.5069,599917.0178,151952.2581,516406.2659,258338.9062,920256.1868,305791.9634,377987.1564,161712.9545,311057.1322,118281.6483,273492.0656,141336.5052,168979.2677,91040.0026,66747.62663,130321.6568,179726.7269,67886.02934,311818.7234,233361.9316,296609.0489,107618.1153,298648.7748,201309.7221,183252.7844
P08133,ANXA6,215.9125863,1417.735372,618.5072502,796.6548679,43062.8656,536.9714135,1777.800324,936.0426776,84.62679626,416.771587,1013.433103,497.8662009,109.2384449,674.8274005,134.2280386,1491.451929,112.4144773,689.79447,533.4373174,866.0373885,285.9644492,979.4654635,299.134367,1450.990917,672.3107325,425.8252733,110.2386029,77.11071914,1023.518531,347.4876013,170.2274397,1032.875171
P22626,HNRNPA2B1,13915.8158,33155.1348,17528.93596,44529.08765,11669.26428,35591.52273,13978.8546,6276.183716,12608.28723,32102.40778,10353.20558,8544.549194,8502.189421,29158.28513,35291.9432,19775.1057,292.2406927,4676.944553,3146.307228,5568.65302,1833.844905,7673.429799,2266.84908,6569.453745,399.5850984,3385.808803,748.8593079,2659.083148,1002.925438,1674.768976,608.5813164,705.0589588
P01040,CSTA,42836.28098,58756.27571,28404.09788,150694.9822,751127.9808,121484.3504,29672.24348,1173.645858,218948.1123,191105.8996,3387.190711,5735.609901,81485.52261,69290.99125,119440.8436,235526.2692,3375.024181,2106.887975,229.82319,1020.176,865.3941429,4536.487852,874.8797407,2238.183391,776.9700786,2751.190917,1399.245494,1836.94098,16130.41631,3677.272603,1801.228756,7572.167035
O00391,QSOX1,20634.23537,28763.11922,33860.5162,42027.73567,135474.2905,21864.08143,17759.0324,5983.930349,49594.67184,44044.2327,22973.41883,21716.9578,56272.88442,54291.12305,70759.2355,64353.06069,12869.14552,17546.20397,18115.07526,7999.672851,30261.90399,38462.40756,19738.44366,23115.80618,7070.193044,25381.61466,13300.08267,20719.94993,10483.74664,38759.57982,26546.86641,4279.729707
P01704,IGLV2-14,15943.68097,82366.54756,9316.18663,121819.9974,152594.2563,43952.27888,36799.61007,151920.492,35515.02938,249960.8406,75457.6972,45474.48791,270999.4185,85498.4018,170905.4186,110325.6481,45278.16807,19903.91277,49993.88655,55363.19026,21143.10875,8997.017787,60495.33744,14798.24888,68129.11122,40253.1628,45137.13319,15977.07053,64583.53925,68562.71809,39135.29171,63223.28269
A0A075B7D0,IGHV1OR15-1,126586.7417,433341.1194,365942.3204,507539.1527,402440.0452,279564.128,215433.5302,390533.0763,165310.9329,130140.3592,434498.4076,227566.4386,96886.72344,137271.5676,145456.58,88921.09621,80165.41728,34956.86566,32415.63484,54214.86148,200609.8329,68559.88743,215081.6552,106441.5934,112425.9516,165317.0815,98296.70117,154004.4462,55572.55553,54453.45494,76682.7685,53072.03784
P30043,BLVRB,12658.81052,14840.75612,12311.51815,27074.30693,249798.4718,28712.97162,9380.87749,175696.2218,8398.000945,31078.96022,21391.39137,20911.30367,6570.006587,19521.50217,10381.28624,22723.33189,9827.948757,26195.83074,156209.7401,7634.026831,15026.11548,18439.35011,63773.50795,12036.32985,16136.96359,163096.4749,10259.60608,30119.57042,51077.62965,158512.7936,47458.80739,15593.78311
P55290,CDH13,54571.41581,5364.662747,9397.870725,3865.962361,29434.4208,1453.842411,2408.414672,2630.363367,8816.559517,3946.794973,2288.59681,3992.920236,6315.882955,8488.805515,24870.17023,17021.77605,83848.89232,21122.29766,91860.2692,18617.93086,74952.11629,98542.6249,58743.79945,56041.89467,3783.373981,54574.40265,66995.62432,54772.27348,14616.8933,223820.8624,67619.5524,35443.27276
P80748,IGLV3-21,302723.9161,628476.711,539199.1509,553601.134,180664.875,459631.2513,248108.9818,916989.8403,433942.6415,302745.4074,515996.4387,420298.2759,1541241.157,360393.5899,402839.6453,525093.9204,214383.7728,284287.689,100728.5662,111397.9067,310755.73,159574.9317,444096.2332,454809.1498,166258.1127,419735.4008,456633.3472,441159.8786,249110.2323,374286.4394,220985.5849,205697.2412
P0DOX3,IGHD,49723.19672,14179.04786,105656.1989,49573.63625,45883.94568,69495.35262,7862.318537,61035.35207,38203.83899,20983.6684,159144.4747,19166.81062,141574.3996,285918.922,85740.6206,17082.82718,7955.657738,17735.89172,4779.718214,7480.082965,11046.03087,37579.07611,11103.55009,10118.36123,24122.68335,12392.23791,3919.967775,166293.9614,18748.19583,53211.8846,5521.552447,15513.88607
P30086,PEBP1,188816.3538,46548.01345,44731.89024,102733.4224,73747.12625,81212.11491,61406.75152,48498.09699,140033.0299,82823.49518,67531.98357,66400.65266,43700.29719,82606.21571,147919.6808,183081.8612,255661.8718,102979.9339,264976.8363,155476.9271,173605.7344,109794.0811,324238.3031,193217.9352,162569.4354,214041.1986,404844.286,201197.1697,103655.0447,362862.3423,160516.425,127665.7769
P06312,IGKV4-1,291178.3339,359310.3638,512201.5886,308374.9827,1384636.158,579048.1709,121594.7084,1164583.11,328352.0794,556634.411,779098.6059,491317.2158,740513.4367,564717.0284,300807.625,530087.0342,196317.2092,210429.0859,103135.2029,164364.1245,279975.7182,334321.9435,221189.1111,352873.7756,236236.024,293635.6501,426346.5248,412049.1553,256863.3432,169289.5002,2099703.941,190454.1036
P02656,APOC3,21378.55735,291338.2294,67477.63116,1030183.172,37147.85455,1213217.388,1939567.325,762964.1878,87312.84526,1160472.262,197203.3986,2007507.846,159903.0478,267754.8168,95154.92537,143143.9596,33418.46724,148900.4913,135071.6275,104152.3597,12991.90696,30479.28567,71721.79058,142122.0621,10541.44312,207164.3717,163710.7592,159789.5224,32831.62365,157237.1459,210013.314,21368.40854
P20160,AZU1,86267.84731,110031.711,335171.3784,151228.0916,2641254.619,127111.9075,76842.68678,8797.257842,220305.3136,126677.7522,9788.288497,61277.72091,10365.68014,97620.46518,276749.3263,468467.5416,4301.647002,3351.512711,2715.239048,1918.551627,2367.223043,23639.47366,11462.38459,9889.589342,3669.124691,5339.451791,4303.624928,5474.531301,7600.300186,4356.219808,9400.908569,3481.534634
P08246,ELANE,173678.6402,261907.7134,250193.9308,228106.1188,1633211.167,277063.2139,160345.3197,102365.5945,543809.9648,467513.1129,122085.0797,123749.3179,150880.8582,295284.7445,577436.896,903371.6345,56899.74451,77992.2494,32918.81481,14641.2268,19455.60552,93043.20059,44821.62581,71142.17793,103674.2633,108500.9663,104331.6187,137516.2674,108131.3822,56494.43385,59641.78907,60877.66556
P18065,IGFBP2,16003.88481,15135.09041,22627.71604,3561.662381,6161.228222,5160.922354,1797.109197,3171.921184,31367.35341,1941.780651,798.6979742,4906.066148,29151.02059,10258.54605,50635.01308,42845.29159,26051.23298,11264.45702,25130.09332,559.4117747,70421.2129,78059.03934,22618.02489,87467.45983,6657.47587,55931.41795,69601.84091,31408.16622,179.0404036,120444.9569,95632.38535,185.9115022
P49913,CAMP,53245.73398,90283.02678,310772.1283,330224.1294,1371147.721,197549.6313,58836.14355,21156.2401,161910.8329,75542.56523,67279.14504,604936.8916,37712.68352,248502.6181,198729.259,401565.2733,28429.0821,21139.95883,27369.95133,18398.79138,15549.4695,56775.0218,44654.7536,30256.28826,13173.24456,79825.42801,13362.54642,23103.68919,22134.50607,34136.17916,12971.40658,12877.59821
P04156,PRNP,59496.04164,21108.72257,10441.01165,68774.6506,26514.57948,27744.09184,1494.067309,3294.047744,26489.75124,2270.351474,1140.011531,2263.239536,9277.084407,5178.537044,44886.43346,16473.1917,83183.19005,43274.22978,58448.56378,13636.70646,69045.23748,92221.61602,51015.7493,51911.84801,36121.06584,60597.62632,89743.43988,63449.52369,23150.21587,180716.4301,59223.73487,29013.39095
P05156,CFI,46892.75259,203519.5295,251312.9287,303200.9137,103581.3436,364188.8794,174827.5141,279872.8526,267893.8212,369930.8763,222409.1158,324392.8169,392061.5191,201947.6494,136686.8522,299564.0118,87047.18392,77574.3633,92281.21396,41300.69056,82527.62565,233889.9445,107355.0899,161471.4058,43475.14125,154334.2313,112706.3449,144780.7145,54084.94689,159255.8226,150542.2516,67389.73011
P43251,BTD,73588.30379,14747.6876,19487.68941,44834.40899,39405.1761,23058.71759,22122.0743,32770.37075,35962.05292,27386.14827,23580.99343,21850.34529,46472.58807,21458.28832,42879.98023,43069.18447,92968.20107,58198.92795,83918.94266,62419.09924,49968.43723,111739.2349,62878.76243,94145.45575,39805.06471,83484.2411,114445.7422,89721.32256,63817.21022,110736.4995,41611.08958,36976.40111
P54289,CACNA2D1,52081.04886,2118.687819,931.8454175,2548.290097,14759.45132,648.6404851,234.2384902,324.6256022,7964.652505,1056.630163,6428.621938,1642.188158,2650.356159,2058.71356,14875.72857,7132.287715,43775.21813,22621.63487,81388.67795,35404.54399,32531.91207,43379.5,34643.89172,35291.27635,21368.64908,33864.10899,66911.6156,49433.82551,41385.98631,101272.0615,27343.9813,53346.27864
Q92876,KLK6,702050.3831,91140.62222,41826.60255,29021.30487,31349.12074,25430.55082,12624.24988,14109.26697,170497.5334,25672.87729,31276.56043,36141.40497,22953.07204,28001.38421,249420.8569,113588.3034,1087756.175,958939.7602,1406188.194,844131.1973,1009203.588,1000598.338,950899.864,927230.1415,827992.5213,731127.3178,1227047.698,868452.3798,589242.1641,1512789.236,1145052.38,781064.0209
P07360,C8G,4314.061955,142766.3976,66591.4277,48816.96699,125372.9976,173367.1167,62656.6751,123330.0487,69813.2055,133661.9019,44719.03987,70461.57863,61763.7504,77523.85537,62886.80994,85014.76724,28897.50271,11984.08758,29419.21404,6717.954817,20003.41574,51646.43888,23836.02283,42835.78024,32337.12872,25238.69216,22793.0503,30259.5896,18797.51076,53605.18866,31722.23119,9777.743582
Q9Y279,VSIG4,16678.80606,64077.41126,37134.66819,3781.719313,19327.23471,31120.86193,2446.41398,2892.325785,78192.22583,3416.912703,4384.441909,4836.612103,143661.2891,48786.01453,69022.80727,69608.63843,16772.91202,6078.115805,22203.67026,10268.44451,13260.04291,13912.87032,5386.854299,11150.33886,13908.02215,5772.860526,12898.7926,5136.572129,11122.82593,18595.50849,5245.357217,21448.65148
P09651,HNRNPA1,13940.54142,6813.694672,864.4013616,9697.992238,16571.00043,8562.719631,135.8770666,2069.166438,12854.68632,16621.89517,3339.568122,2252.010072,7260.538354,22613.83348,15031.61951,16991.62622,158.3566698,0,0,2682.431648,153.7521093,4769.064437,1545.148823,1811.718532,2646.385776,2528.36469,1505.473786,774.5907965,478.0053541,321.2486811,2049.267102,105.576096
P61586,RHOA,2380.727487,12657.51701,4867.537412,30643.78866,51731.6993,19409.11796,13948.99509,14094.81803,11315.65888,30358.31021,6837.049448,20821.82586,2483.771146,19650.06813,12224.19954,15777.24647,8536.970185,11157.96251,22238.7683,13979.29656,8339.139445,12435.35806,10234.45721,12903.66692,17592.08986,1625.760954,18205.8998,13685.11033,5367.45069,11328.65439,3523.159304,9973.185082
P13645,KRT10,96885.54297,5400.660007,2297.554038,5061.57045,53122.81344,6693.069142,3289.712644,1371.231551,6679.653777,2670.028344,2888.469371,5344.756025,9945.119173,17883.51082,20765.26116,3936.83081,8057.207677,2599.385582,4687.408057,6333.606379,6124.247799,4507.266039,16985.65504,3962.09419,14231.93159,11087.89567,20764.37686,5569.174233,10151.44965,6401.472768,5712.999546,15093.70735
P00746,CFD,6362.734459,15012.94829,47101.82791,6753.074675,24526.90106,4007.846612,3396.230787,7120.99656,20719.01734,6923.101868,2535.72058,2579.863943,63297.47722,4410.973147,17222.24742,20893.48064,14313.48738,9634.134261,12221.9135,4051.058881,11301.40865,36744.37367,14883.21234,17383.6386,2313.298359,11141.58414,10501.82413,14319.6426,798.2787918,19789.71725,23360.09528,153.4703462
Q06033,ITIH3,5987.287285,13091.38902,27314.50813,26624.66034,27379.97568,44374.0889,44488.48894,122872.9249,19343.4994,34765.57878,43413.87576,26971.66131,20819.20381,24153.40956,7670.75732,39063.26749,4727.576596,8991.189989,6367.619568,10715.09265,8030.258167,4226.838044,8654.488899,5744.217653,30307.921,4660.605452,10567.81541,11603.01596,25994.16612,21879.57969,18972.86917,46002.3812
P05089,ARG1,741.5214908,875.2386478,1329.204435,9614.540239,251370.4838,5807.308431,3236.445894,606.6238663,6284.190047,11690.99469,3655.11094,4640.159193,2320.175618,1462.257804,6762.066211,26066.60669,316.321486,0,85.89227804,328.8493152,267.1093822,249.4722442,200.7468642,1254.127943,1266.024515,0,3645.085016,5021.627982,2487.358595,1387.254874,175.6685521,252.6074552
P52907,CAPZA1,17497.56293,64856.98999,15848.43101,65935.7425,32309.79905,47132.93426,40280.73454,42211.7205,35154.65875,74334.49341,41143.82645,38103.43269,13304.29963,75143.23909,64755.7613,76309.85594,14164.94322,13121.71505,9644.28869,12130.70136,12624.92938,21816.83616,8316.685798,8049.889501,7382.838509,48014.60405,22324.32635,24956.53815,12228.3301,2627.930926,9336.026046,4201.248576
P30740,SERPINB1,6612.240273,76096.54519,7649.302313,39606.26478,23745.35436,52594.62056,16881.15011,5316.072557,62540.6382,42109.17311,8145.819975,10803.03145,20389.46617,86837.36905,71927.2834,127524.2787,2528.145115,4422.935239,1100.826911,2288.329575,3942.789319,3025.967743,3100.108874,1159.917615,2324.382956,5896.263995,3471.295168,5703.14282,1644.25761,4396.411938,2809.007069,3689.620825
O14791,APOL1,34586.06289,33104.23949,21748.23371,69631.85794,303917.1134,91173.88814,75405.65363,162906.5997,29525.74995,63400.417,150443.0904,202319.1383,12946.50549,160792.0692,45950.43261,55583.49069,3606.943906,7009.877713,3547.811131,8438.475844,2221.893041,13467.43129,18460.09951,4861.726588,18286.34417,20523.95016,27326.98375,36259.68859,22805.49412,32678.39083,20032.01145,14832.0835
P11215,ITGAM,0,16152.18854,5928.829143,1460.524189,156045.9701,9642.464878,656.5482719,0,3408.57021,7056.413216,1608.994491,6215.420296,1214.308591,15408.39609,19581.86485,11254.30552,0,0,0,0,0,0,0.016042756,0,0,3711.823161,0,0,0,105.6725438,96.89223851,0
O15144,ARPC2,213.6740666,11853.32291,331.5263874,5802.50162,11595.2717,1735.817267,738.7990739,12.43789476,11788.6381,12059.94739,8.29534087,7.147567811,991.3392534,7079.737308,11337.49706,29685.9436,6.333051891,2.191903856,901.3712189,32.87254609,41.51419919,907.8123901,29.86793266,8.214505409,277.4385656,703.5555006,514.8251901,4.037202697,19.99823068,694.9103269,12.3721456,187.0661403
P00491,PNP,704.2350475,3669.514578,463.3457082,11358.37048,44181.83874,2991.001398,128.2971395,1369.020083,22153.0522,12701.60947,159.992787,167.0752462,2335.289341,5214.874947,11332.21081,21577.60908,6.594543573,0.279224594,79.36980057,0,14.09276877,325.2508149,0,0,0,0,0,0,535.8856,149.2430166,462.5139414,538.7895879
P39060,COL18A1,27052.38274,13005.41107,10105.22526,3785.455153,81166.17336,3907.081071,4028.248861,1692.867634,24178.88251,3661.217358,2949.231786,4174.032815,8701.658846,7795.751693,22772.04358,17170.20378,22365.17367,18019.69451,22642.69369,9971.508195,29585.50182,23425.61536,15975.14885,25433.31569,16353.686,28361.47268,26261.44719,16762.62851,11756.98147,33211.00445,26006.82093,14024.02364
P07477,PRSS1,2104132.932,393317.5525,190598.5318,185184.3162,362584.8597,236976.8301,162014.2314,207794.4733,489078.4523,162642.5355,108919.5544,180863.981,168719.959,166206.824,698006.844,267572.1985,1940754.298,1818748.437,1386873.95,2008704.92,2561943.404,485216.1921,1819962.627,916396.6874,2696332.467,1017488.481,1930351.377,1663538.927,3255573.959,1174927.934,2042762.193,4476744.812
A0A075B6I0,IGLV8-61,40975.93196,32495.33788,9853.795317,66373.5875,52368.06575,31107.67743,15853.88278,219320.4293,169752.5082,46015.14565,61250.30641,172051.7057,89696.23361,64225.50405,72440.07276,50181.1869,14971.92192,10086.49138,8137.217202,55925.91245,16068.17536,52662.85008,36282.26688,42896.35172,12529.70935,74960.87249,38056.66372,43882.36803,31861.09752,20732.58254,58805.53538,49159.09686
P40925,MDH1,21675.017,20399.12317,9836.736922,23413.91216,58131.58443,19241.34359,6823.422698,7935.717542,50279.92329,31761.41798,12591.85666,9729.83692,16902.19548,25397.47895,28353.75804,65405.25648,11739.82785,4411.110667,18395.89439,14511.46921,7761.027589,15535.93377,36299.98436,13472.85142,17686.68018,24533.4261,25173.47076,20498.68828,17703.18351,34689.4069,11137.9205,13762.38979
Q6UX71,PLXDC2,3197.474037,2451.956447,2624.592373,2094.947973,5548.28146,5109.584386,1230.911845,1127.864569,13991.69336,4501.314092,5705.235259,12901.38879,20811.33532,7728.590194,20930.05176,16049.09587,4401.927936,3812.879097,12801.40773,7530.168227,11843.78174,4923.937831,9573.213882,19337.30258,9902.707728,24577.5431,25938.30472,19833.13362,9267.141122,26123.25956,11875.87919,3625.989741
P40121,CAPG,14167.16681,43126.5539,15937.40997,69207.22743,195575.5483,40212.73092,30311.89444,40494.02954,54584.72421,75338.92287,46338.5721,34104.00458,25780.38706,42238.84818,33539.37793,91304.88866,10689.40597,2278.472647,2080.894494,4527.850077,6147.688679,7603.67869,5851.599767,4121.641612,3632.783784,1457.121556,885.7406466,1248.235965,909.4470512,333.1804969,1748.277577,653.2099803
P62942,FKBP1A,6468.934779,105367.7908,160103.0361,127498.7854,315691.8382,81255.60125,17450.94209,39023.88732,200184.3071,116430.8598,37607.7226,116890.4613,161706.3776,160240.8751,115902.0844,261275.6198,1989.785563,3199.209681,7334.94896,1088.426463,5774.911406,3816.462131,5467.255188,5250.424984,4121.653246,14293.70628,1105.959253,4058.325001,6051.425925,9865.0944,14533.36951,2339.902029
P31946,YWHAB,71295.41727,28766.51213,19614.28596,57497.19482,13631.61249,27943.49432,36051.45366,33228.72649,68390.19794,46384.27764,20741.75668,21347.2076,33797.38018,56247.83919,75934.85887,93414.48651,23442.50243,17019.33361,19987.80468,136486.9881,23079.36723,1094077.725,63483.32733,15415.95584,20130.0669,24117.70856,22963.59174,19257.20615,27679.00018,18617.44325,15330.3759,29227.78063
Q9P121,NTM,201393.3933,28287.4475,16793.75177,15419.98993,28560.74783,9198.421854,21364.38028,14591.68567,71514.31653,9331.76841,6722.211533,44730.72392,39224.29952,17705.22475,144921.3694,39943.53244,357263.1367,130586.2431,311035.1959,150621.5864,169284.2076,180124.9777,241973.7864,158835.4043,141238.0752,207946.3887,331287.5839,230208.946,188065.2355,455310.6841,273730.5915,275977.6842
O00241,SIRPB1,57438.63152,11282.30222,8292.057265,11415.51618,12132.74014,23288.29763,3535.77236,6410.889592,34754.29712,12688.6081,14304.17051,11334.60478,27414.27823,18600.93584,60252.31806,22670.99987,82363.54383,24610.68615,79785.88977,46407.51473,60582.80127,73675.84481,58978.84609,56778.79734,75685.59357,157049.8918,192353.5772,114022.5998,64074.41407,139063.7153,69563.34862,64188.33435
P01834,IGKC,2949950.63,5802808.565,6319882.025,6456256.209,2584928.975,7373374.798,4716681.014,7205695.065,3955639.933,3785996.254,7699313.595,8547799.267,7676096.031,4320354.033,5280767.142,3586250.343,2246322.805,3441734.112,1196354.86,2176474.642,3064402.566,3500093.184,2951854.693,3838141.39,1568239.187,2921482.173,4126778.437,3806916.492,2329977.281,2310794.997,5753863.676,1601838.184
P05408,SCG5,655138.7546,76917.20093,72096.77487,35774.34303,79671.22082,47375.52065,36384.65867,37193.83608,175431.371,43295.74367,59923.66474,39323.98534,74693.90539,76615.62784,337119.1011,172667.417,751245.743,351571.1474,623800.469,280613.7041,390394.1798,399689.9156,804089.4902,604812.9524,816681.6824,735077.1034,1102142.652,749059.4299,472127.36,1486506.827,522754.5192,891780.508
P0C0L5,C4B,278196.2852,220484.2686,322400.5446,313465.9449,102879.0922,405147.0481,236460.8991,719279.1319,754354.594,170081.4361,146124.543,264320.6074,563015.4575,182217.3705,311813.7762,660446.2896,64521.87885,67767.3308,28683.67231,32830.67224,36623.39317,135820.0403,331923.6901,213697.2272,84389.92925,73242.90609,61454.24158,96638.51166,110920.9476,82648.15399,25333.98159,70603.46812
Q14515,SPARCL1,9356.545323,7588.631807,18342.70109,25505.88416,11537.6688,6725.192336,18605.03788,24795.78145,12944.37464,5766.578635,5447.933863,5447.523748,9430.833585,3234.100414,3219.387426,4913.711787,16434.49867,10450.26608,42855.19119,9219.466589,29669.09922,9328.296663,18307.13426,6516.10049,98724.89968,14276.88033,2588.289056,2058.175925,78561.90849,71317.25816,733.0307042,149274.6616
P23142,FBLN1,23241.98487,38308.582,29382.41748,16891.5971,40871.87596,42065.76188,9589.55008,36765.89086,45606.63972,15085.51283,23181.54458,17262.29779,53667.17771,39252.3966,71679.50736,31004.51569,47493.55779,52158.98279,63913.20861,35271.71332,42423.36454,50152.25029,52264.9415,70930.35339,17534.4675,62037.6489,40879.40356,46436.40384,25011.44237,86728.07708,50286.58763,10771.23889
P10645,CHGA,388242.8838,53037.69069,138398.3896,85845.77459,77930.60188,58781.36366,70922.67954,48661.61561,114430.0207,57571.60767,34562.08192,59843.043,50985.97966,50763.63228,227402.0631,192010.1535,308133.1214,148041.531,303437.0336,155651.856,360528.0895,266336.7003,249669.7875,202941.4387,473960.5485,304824.6822,389648.5409,321836.7423,344061.2496,853456.7012,358196.3759,471066.734
P05204,HMGN2,1227.76447,95165.50544,16763.82782,61898.62571,17054.18695,34116.69697,14895.3958,4818.042357,43646.67813,18336.73262,10070.38417,6653.749406,20722.84746,32983.9806,38863.53261,92204.33021,1197.651249,597.2019295,231.0935204,302.8644483,148.098968,2536.187852,105.2025036,1031.99187,529.5408081,2294.90095,938.0148428,905.4683303,5494.64669,312.160911,902.6195195,60.5660689
P02741,CRP,1074.61557,106662.738,13123.82799,6906.023631,364268.9592,55944.88758,56880.90883,39120.9278,50140.42457,110533.5433,49906.3816,28911.51046,51933.1525,106389.1478,21213.89465,15804.75966,3319.742413,2644.580305,1822.179335,868.1110994,3843.410723,575.8066112,1142.330797,29912.70672,24504.99101,4332.339438,18820.49876,9100.369518,4209.366947,23647.99658,15649.42519,11845.13754
